player_id,player_name_j,player_name_e,last_seen_team_id,last_seen_jersey_number,missing_before,existing_league_registered_nationality,existing_birthplace,existing_player_slot_category,fetch_status,fetch_source,status,fetched_league_registered_nationality,fetched_birthplace,proposed_league_registered_nationality,proposed_birthplace,proposed_player_slot_category,unresolved_patchable_after_proposed,review_decision,review_note
10256,ドゥレイロン・バーンズ,Draelon Burns,716,2,birthplace,アメリカ合衆国,,外国籍選手,ok,official,official_fields_blank,アメリカ合衆国,,,アメリカ合衆国,,,approved_proposed,公式出生地が未確認のため、league_registered_nationalityの国名をbirthplaceへフォールバック採用
10265,デクスター・ピットマン,Dexter Pittman,753,34,player_slot_category,アメリカ合衆国,アメリカ合衆国,,,not_needed,derived_from_existing_profile,,,,,外国籍選手,,approved_proposed,
10817,クレイグ・ブラッキンズ,Craig Brackins,698,33,player_slot_category,アメリカ合衆国,アメリカ合衆国,,,not_needed,derived_from_existing_profile,,,,,外国籍選手,,approved_proposed,
10819,ロバート・サクレ,Robert Sacre,726,6,player_slot_category,外国籍,カナダ/アメリカ合衆国,,,not_needed,derived_from_existing_profile,,,,,外国籍選手,,approved_proposed,
10823,イバン・ラベネル,Evan Ravenel,693,30,player_slot_category,外国籍,アメリカ,,,not_needed,derived_from_existing_profile,,,,,外国籍選手,,approved_proposed,
10875,グレッグ・マンガーノ,Greg Mangano,692,44,player_slot_category,アメリカ合衆国,アメリカ合衆国,,,not_needed,derived_from_existing_profile,,,,,外国籍選手,,approved_proposed,
10886,ジェフ・エアーズ,Jeff Ayres,695,4,player_slot_category,アメリカ合衆国,アメリカ合衆国,,,not_needed,derived_from_existing_profile,,,,,外国籍選手,,approved_proposed,
10887,トレント・プレイステッド,Trent Plaisted,706,44,player_slot_category,アメリカ合衆国,アメリカ合衆国,,,not_needed,derived_from_existing_profile,,,,,外国籍選手,,approved_proposed,
10897,レオ・ライオンズ,Leo Lyons,729,10,player_slot_category,アメリカ合衆国,アメリカ合衆国,,,not_needed,derived_from_existing_profile,,,,,外国籍選手,,approved_proposed,
12457,トニー・ガフニー,Tony Gaffney,704,33,player_slot_category,アメリカ合衆国,アメリカ合衆国,,,not_needed,derived_from_existing_profile,,,,,外国籍選手,,approved_proposed,
12459,カディーム・コールビー,Kadeem Coleby,693,43,player_slot_category,バハマ,バハマ,,,not_needed,derived_from_existing_profile,,,,,外国籍選手,,approved_proposed,
12507,ジャスティン・レイノルズ,Justin Reynolds,702,6,player_slot_category,アメリカ合衆国,アメリカ,,,not_needed,derived_from_existing_profile,,,,,外国籍選手,,approved_proposed,
12508,ブランデン・ドーソン,Branden Dawson,726,23,player_slot_category,アメリカ合衆国,アメリカ合衆国,,,not_needed,derived_from_existing_profile,,,,,外国籍選手,,approved_proposed,
12523,カルティエ・マーティン,Cartier Martin,697,20,player_slot_category,アメリカ合衆国,アメリカ,,,not_needed,derived_from_existing_profile,,,,,外国籍選手,,approved_proposed,
12578,ランデン・ルーカス,Landen Lucas,706,9,player_slot_category,アメリカ合衆国,アメリカ,,,not_needed,derived_from_existing_profile,,,,,外国籍選手,,approved_proposed,
12579,ジャレッド・バーグレン,Jared Berggren,695,4,player_slot_category,アメリカ合衆国,アメリカ,,,not_needed,derived_from_existing_profile,,,,,外国籍選手,,approved_proposed,
12580,ジャワッド・ウィリアムズ,Jawad Williams,702,31,player_slot_category,アメリカ合衆国,アメリカ合衆国,,,not_needed,derived_from_existing_profile,,,,,外国籍選手,,approved_proposed,
12581,オースティン・ダフォー,Austin Dufault,695,15,player_slot_category,アメリカ合衆国,アメリカ ノースダコタ州,,,not_needed,derived_from_existing_profile,,,,,外国籍選手,,approved_proposed,
12583,デイビッド・ウェア,David Wear,700,11,player_slot_category,アメリカ合衆国,アメリカ合衆国,,,not_needed,derived_from_existing_profile,,,,,外国籍選手,,approved_proposed,
12584,グレッグ・スミス,Greg Smith,700,9,player_slot_category,アメリカ合衆国,アメリカ合衆国,,,not_needed,derived_from_existing_profile,,,,,外国籍選手,,approved_proposed,
12585,ディオール・フィッシャー,D'or Fischer,698,40,player_slot_category,アメリカ合衆国,アメリカ合衆国,,,not_needed,derived_from_existing_profile,,,,,外国籍選手,,approved_proposed,
12586,オマール・サムハン,Omar Samhan,698,50,player_slot_category,アメリカ合衆国,アメリカ合衆国,,,not_needed,derived_from_existing_profile,,,,,外国籍選手,,approved_proposed,
12591,バンバ ・ジュフ,Bamba Diouf,727,23,player_slot_category,日本,セネガル,,,not_needed,no_derivable_change,,,,,帰化選手,,approved_proposed,手動ルール適用: player_slot_category=帰化選手
12594,グレゴリー・ウィッティントン,Gregory Whittington,702,2,player_slot_category,アメリカ合衆国,アメリカ,,,not_needed,derived_from_existing_profile,,,,,外国籍選手,,approved_proposed,
12595,マーク・トラソリーニ,Marc Trasolini,712,15,player_slot_category,カナダ,カナダ,,,not_needed,derived_from_existing_profile,,,,,外国籍選手,,approved_proposed,
12596,ハーバート・ヒル,Herbert Hill,718,5,player_slot_category,アメリカ合衆国,アメリカ,,,not_needed,derived_from_existing_profile,,,,,外国籍選手,,approved_proposed,
12630,ブレンダン・レーン,Brendan Lane,706,21,player_slot_category,アメリカ合衆国,アメリカ,,,not_needed,derived_from_existing_profile,,,,,外国籍選手,,approved_proposed,
12636,ダニエル・オルトン,Daniel Orton,696,33,player_slot_category,アメリカ合衆国,アメリカ合衆国,,,not_needed,derived_from_existing_profile,,,,,外国籍選手,,approved_proposed,
12637,ハンター・コート,Hunter Cort,694,11,player_slot_category,日本,東京都,,,not_needed,derived_from_existing_profile,,,,,日本人選手,,approved_proposed,
12640,ハシーム・サビート・マンカ,Hasheem Thabeet Manka,694,34,player_slot_category,タンザニア連合共和国,タンザニア,,,not_needed,derived_from_existing_profile,,,,,外国籍選手,,approved_proposed,
12642,アンジェロ・チョル,Angelo Chol,693,27,birthplace,アメリカ合衆国,,外国籍選手,ok,official,official_fields_blank,アメリカ合衆国,,,アメリカ合衆国,,,approved_proposed,公式出生地が未確認のため、league_registered_nationalityの国名をbirthplaceへフォールバック採用
12648,ジョーダン・フェイゾン,Jordan Faison,699,40,player_slot_category,外国籍,アメリカ,,,not_needed,derived_from_existing_profile,,,,,外国籍選手,,approved_proposed,
12660,ジージオ・ベイン,Gjio Bain,697,50,player_slot_category,外国籍,バハマ,,,not_needed,derived_from_existing_profile,,,,,外国籍選手,,approved_proposed,
12663,ウィリアム・マクドナルド,William Mcdonald,694,45,player_slot_category,外国籍,アメリカ合衆国,,,not_needed,derived_from_existing_profile,,,,,外国籍選手,,approved_proposed,
15750,木田 貴明,Takaaki Kida,2486,0,birthplace;league_registered_nationality;player_slot_category,,,,ok,official,ok_with_partial_patch,日本,,日本,日本,,player_slot_category,approved_proposed,公式出生地が未確認のため、league_registered_nationalityの国名をbirthplaceへフォールバック採用
15805,ルー・アマンドソン,Lou Amundson,727,17,player_slot_category,アメリカ合衆国,アメリカ合衆国,,,not_needed,derived_from_existing_profile,,,,,外国籍選手,,approved_proposed,
15809,ジャミール・マッケイ,Mckay Jameel,720,12,player_slot_category,アメリカ合衆国,アメリカ,,,not_needed,derived_from_existing_profile,,,,,外国籍選手,,approved_proposed,
15812,ベンキー・ジョイス,Venky Jois,698,55,player_slot_category,オーストラリア,オーストラリア,,,not_needed,derived_from_existing_profile,,,,,外国籍選手,,approved_proposed,
15814,キース・ベンソン,Keith Benson,700,34,player_slot_category,アメリカ合衆国,アメリカ合衆国,,,not_needed,derived_from_existing_profile,,,,,外国籍選手,,approved_proposed,
15845,ディジョン・トンプソン,Dijon Thompson,702,12,player_slot_category,アメリカ合衆国,アメリカ合衆国,,,not_needed,derived_from_existing_profile,,,,,外国籍選手,,approved_proposed,
15847,コートニー・シムズ,Courtney Sims,728,44,player_slot_category,アメリカ合衆国,アメリカ合衆国,,,not_needed,derived_from_existing_profile,,,,,外国籍選手,,approved_proposed,
15848,アル・ソーントン,Al Thornton,720,12,player_slot_category,アメリカ合衆国,アメリカ,,,not_needed,derived_from_existing_profile,,,,,外国籍選手,,approved_proposed,
15849,ダシルバ ヒサシ,Hisashi Da Silva,697,12,player_slot_category,日本,静岡県,,,not_needed,derived_from_existing_profile,,,,,日本人選手,,approved_proposed,
15852,ジャマリ・トレイラー,Jamari Traylor,721,0,player_slot_category,アメリカ合衆国,アメリカ合衆国,,,not_needed,derived_from_existing_profile,,,,,外国籍選手,,approved_proposed,
18168,アマンゼ・エゲケゼ,Amanze Egekeze,695,8,player_slot_category,アメリカ合衆国,アメリカ,,,not_needed,derived_from_existing_profile,,,,,外国籍選手,,approved_proposed,
18169,チャールズ・ガルシア,Charles García,694,36,player_slot_category,アメリカ合衆国,アメリカ合衆国,,,not_needed,derived_from_existing_profile,,,,,外国籍選手,,approved_proposed,
18171,紺野 ニズベット 翔,Shou Nisbet,698,10,player_slot_category,日本,ニュージーランド,,,not_needed,no_derivable_change,,,,,日本人選手,,approved_proposed,手動ルール適用: player_slot_category=日本人選手
18173,ドゥワン・サマーズ,Dajuan Summers,720,35,player_slot_category,外国籍,アメリカ合衆国,,,not_needed,derived_from_existing_profile,,,,,外国籍選手,,approved_proposed,
18397,ミルコ・ビエリツァ,Milko Bjelica,706,51,player_slot_category,外国籍,セルビア,,,not_needed,derived_from_existing_profile,,,,,外国籍選手,,approved_proposed,
18426,バーノン・マクリン,Vernon Macklin,727,21,player_slot_category,アメリカ合衆国,アメリカ,,,not_needed,derived_from_existing_profile,,,,,外国籍選手,,approved_proposed,
18427,シェーン・エドワーズ,Shane Edwards,727,31,player_slot_category,アメリカ合衆国,アメリカ,,,not_needed,derived_from_existing_profile,,,,,外国籍選手,,approved_proposed,
18431,ガニ・ラワル,Gani Lawal,698,31,player_slot_category,外国籍,アメリカ合衆国,,,not_needed,derived_from_existing_profile,,,,,外国籍選手,,approved_proposed,
18432,グレゴリー・エチェニケ,Gregory Echenique,721,8,player_slot_category,ベネズエラ・ボリバル共和国,ベネズエラ,,,not_needed,derived_from_existing_profile,,,,,外国籍選手,,approved_proposed,
18436,ジェームズ・サザランド,James Southerland,694,00,player_slot_category,外国籍,アメリカ合衆国,,,not_needed,derived_from_existing_profile,,,,,外国籍選手,,approved_proposed,
18442,ベンジャミン・ローソン,Benjamin Lawson,699,34,player_slot_category,イギリス,イギリス,,,not_needed,derived_from_existing_profile,,,,,外国籍選手,,approved_proposed,
18444,シャキール・モリス,Shaquille Morris,699,23,player_slot_category,外国籍,アメリカ,,,not_needed,derived_from_existing_profile,,,,,外国籍選手,,approved_proposed,
18452,エリック・ロバーツ,Eric Roberts,703,25,player_slot_category,日本,東京都,,,not_needed,derived_from_existing_profile,,,,,日本人選手,,approved_proposed,
18459,ジャボン・マックレア,Javon Mccrea,694,12,player_slot_category,アメリカ合衆国,アメリカ合衆国,,,not_needed,derived_from_existing_profile,,,,,外国籍選手,,approved_proposed,
18473,プリンス・イベ,Prince Ibeh,694,11,player_slot_category,アメリカ合衆国,アメリカ合衆国,,,not_needed,derived_from_existing_profile,,,,,外国籍選手,,approved_proposed,
18479,ケネディ・ミークス,Kennedy Meeks,702,1,player_slot_category,外国籍,アメリカ,,,not_needed,derived_from_existing_profile,,,,,外国籍選手,,approved_proposed,
18846,アーサー・スティーブンソン,Arthur Stepheson,694,33,player_slot_category,外国籍,アメリカ合衆国,,,not_needed,derived_from_existing_profile,,,,,外国籍選手,,approved_proposed,
19955,ドワイト・コールビー,Dwight Coleby,693,22,player_slot_category,バハマ,バハマ,,,not_needed,derived_from_existing_profile,,,,,外国籍選手,,approved_proposed,
19958,バイロン・ミュレンズ,Byron Mullens,702,6,player_slot_category,アメリカ / イギリス,アメリカ,,,not_needed,derived_from_existing_profile,,,,,外国籍選手,,approved_proposed,
19995,ブランドン・コストナー,brandon Costner,694,34,player_slot_category,アメリカ合衆国,アメリカ合衆国,,,not_needed,derived_from_existing_profile,,,,,外国籍選手,,approved_proposed,
19997,マーカス・ブレイクリー,Marqus Blakely,753,23,player_slot_category,アメリカ合衆国,アメリカ合衆国,,,not_needed,derived_from_existing_profile,,,,,外国籍選手,,approved_proposed,
20020,トレバー・ムバクウェ,Trevor Mbakwe,700,21,player_slot_category,アメリカ合衆国,アメリカ合衆国,,,not_needed,derived_from_existing_profile,,,,,外国籍選手,,approved_proposed,
20032,アラン・ハーンドン,Alan Herndon,696,5,player_slot_category,アメリカ合衆国,アメリカ合衆国,,,not_needed,derived_from_existing_profile,,,,,外国籍選手,,approved_proposed,
20033,セドリック・シモンズ,Cedric Simmons,728,22,birthplace,アメリカ合衆国,,外国籍選手,ok,official,official_fields_blank,アメリカ合衆国,,,アメリカ合衆国,,,approved_proposed,公式出生地が未確認のため、league_registered_nationalityの国名をbirthplaceへフォールバック採用
22396,ジョナサン・ホームズ,Jonathan Holmes,694,12,player_slot_category,アメリカ合衆国,アメリカ合衆国,,,not_needed,derived_from_existing_profile,,,,,外国籍選手,,approved_proposed,
22400,ヘンリー・ウォーカー,Henry Walker,698,12,player_slot_category,外国籍,アメリカ合衆国,,,not_needed,derived_from_existing_profile,,,,,外国籍選手,,approved_proposed,
22404,ダニエル・ジョンソン,Daniel Johnson,728,5,player_slot_category,外国籍,オーストラリア,,,not_needed,derived_from_existing_profile,,,,,外国籍選手,,approved_proposed,
22522,ペリー・エリス,Perry Ellis,700,34,player_slot_category,アメリカ合衆国,アメリカ合衆国,,,not_needed,derived_from_existing_profile,,,,,外国籍選手,,approved_proposed,
25136,エリック・ニッセン,Erik Nissen,693,8,player_slot_category,外国籍,カナダ,,,not_needed,derived_from_existing_profile,,,,,外国籍選手,,approved_proposed,
25149,イシュマエル・レーン,Ishmael Lane,729,4,birthplace;player_slot_category,アメリカ合衆国,,,ok,official,official_fields_blank,アメリカ合衆国,,,アメリカ合衆国,,player_slot_category,approved_proposed,公式出生地が未確認のため、league_registered_nationalityの国名をbirthplaceへフォールバック採用
26825,ロバート・カーター,Robert Carter,697,4,player_slot_category,アメリカ合衆国,アメリカ合衆国,,,not_needed,derived_from_existing_profile,,,,,外国籍選手,,approved_proposed,
26826,ブライアン・クウェリ,Brian Qvale,720,41,player_slot_category,アメリカ合衆国,アメリカ合衆国,,,not_needed,derived_from_existing_profile,,,,,外国籍選手,,approved_proposed,
26875,マティアス・カルファニ,Mathias Calfani,727,21,player_slot_category,ウルグアイ,ウルグアイ,,,not_needed,derived_from_existing_profile,,,,,外国籍選手,,approved_proposed,
26892,ミッケル・グラッドネス,Mickell Gladness,697,32,player_slot_category,外国籍,アメリカ合衆国,,,not_needed,derived_from_existing_profile,,,,,外国籍選手,,approved_proposed,
26893,ジョルジー・ゴロマン,Gyorgy Galoman,694,14,player_slot_category,外国籍,ハンガリー,,,not_needed,derived_from_existing_profile,,,,,外国籍選手,,approved_proposed,
26897,デビン・イーバンクス,Devin Ebanks,697,2,player_slot_category,外国籍,アメリカ合衆国,,,not_needed,derived_from_existing_profile,,,,,外国籍選手,,approved_proposed,
26898,ジェシー・ゴーバン,Jessie Govan,699,1,player_slot_category,外国籍,アメリカ合衆国,,,not_needed,derived_from_existing_profile,,,,,外国籍選手,,approved_proposed,
26909,クリス・オトゥーレ,Chris Otule,728,42,birthplace;player_slot_category,アメリカ合衆国,,,ok,official,official_fields_blank,アメリカ合衆国,,,アメリカ合衆国,,player_slot_category,approved_proposed,公式出生地が未確認のため、league_registered_nationalityの国名をbirthplaceへフォールバック採用
26910,チャールズ・ローズ,Chales Rhodes,698,23,player_slot_category,外国籍,アメリカ合衆国,,,not_needed,derived_from_existing_profile,,,,,外国籍選手,,approved_proposed,
26911,リチャード・ヘンドリックス,Richard Hendrix,695,5,player_slot_category,アメリカ合衆国,アメリカ合衆国,,,not_needed,derived_from_existing_profile,,,,,外国籍選手,,approved_proposed,
26915,レジナルド・ベクトン,Reginald Becton,694,7,player_slot_category,アメリカ合衆国,アメリカ合衆国,,,not_needed,derived_from_existing_profile,,,,,外国籍選手,,approved_proposed,
26916,ミラン・マチュワン,Milan Macvan,706,12,player_slot_category,外国籍,セルビア共和国,,,not_needed,derived_from_existing_profile,,,,,外国籍選手,,approved_proposed,
26928,マーク・セントフォート,Mark Saint Fort,721,23,player_slot_category,外国籍,バハマ,,,not_needed,derived_from_existing_profile,,,,,外国籍選手,,approved_proposed,
26931,シャブリック・ランドルフ,Shavlik Randolph,703,42,player_slot_category,外国籍,アメリカ合衆国,,,not_needed,derived_from_existing_profile,,,,,外国籍選手,,approved_proposed,
26938,ラシャーン・ホロウェイ,Rashaan Holloway,699,45,player_slot_category,外国籍,アメリカ合衆国,,,not_needed,derived_from_existing_profile,,,,,外国籍選手,,approved_proposed,
27051,ユージーン・フェルプス,Eugene Phelps,701,41,player_slot_category,外国籍,アメリカ,,,not_needed,derived_from_existing_profile,,,,,外国籍選手,,approved_proposed,
30393,ヴィアチェスラフ・クラフツォフ,Viacheslav Kravtsov,697,55,player_slot_category,外国籍,ウクライナ,,,not_needed,derived_from_existing_profile,,,,,外国籍選手,,approved_proposed,
30435,クリス・ジョンソン,Chris Johnson,728,21,player_slot_category,外国籍,アメリカ合衆国,,,not_needed,derived_from_existing_profile,,,,,外国籍選手,,approved_proposed,
32952,パブロ・アギラール,Pablo Aguilar,727,34,player_slot_category,スペイン,スペイン,,,not_needed,derived_from_existing_profile,,,,,外国籍選手,,approved_proposed,
32981,ステヴァン・イェロヴァツ,Stevan Jelovac,697,31,player_slot_category,セルビア,セルビア,,,not_needed,derived_from_existing_profile,,,,,外国籍選手,,approved_proposed,
32983,駒水 大雅ジャック,Taiga Jack Komamizu,700,10,player_slot_category,日本,奈良県,,,not_needed,derived_from_existing_profile,,,,,日本人選手,,approved_proposed,
32990,シャノン・ショーター,Shannon Shorter,704,12,player_slot_category,アメリカ合衆国,アメリカ合衆国,,,not_needed,derived_from_existing_profile,,,,,外国籍選手,,approved_proposed,
32994,ジョーダン・テイラー,Jordan Taylor,706,2,player_slot_category,アメリカ合衆国,アメリカ合衆国,,,not_needed,derived_from_existing_profile,,,,,外国籍選手,,approved_proposed,
33030,ネナド・ミリェノヴィッチ,Nenad Miljenovic,697,9,player_slot_category,セルビア,セルビア,,,not_needed,derived_from_existing_profile,,,,,外国籍選手,,approved_proposed,
33031,レイヴォンテ・ライス,Rayvonte Rice,699,23,player_slot_category,アメリカ合衆国,アメリカ合衆国,,,not_needed,derived_from_existing_profile,,,,,外国籍選手,,approved_proposed,
33037,ジョナサン・オクテウス,Jonathan Octeus,728,0,player_slot_category,アメリカ合衆国,アメリカ合衆国,,,not_needed,derived_from_existing_profile,,,,,外国籍選手,,approved_proposed,
33042,デクアン・ジョーンズ,DeQuan Jones,698,18,birthplace,アメリカ合衆国,,外国籍選手,ok,official,official_fields_blank,アメリカ合衆国,,,アメリカ合衆国,,,approved_proposed,公式出生地が未確認のため、league_registered_nationalityの国名をbirthplaceへフォールバック採用
33045,アレックス・デイビス,Alex Davis,693,9,player_slot_category,外国籍,アメリカ合衆国,,,not_needed,derived_from_existing_profile,,,,,外国籍選手,,approved_proposed,
33093,シェーン・ウィティングトン,Shayne Whittington,729,21,player_slot_category,アメリカ合衆国,アメリカ合衆国,,,not_needed,derived_from_existing_profile,,,,,外国籍選手,,approved_proposed,
33096,キム・ティリ,Kim Tillie,701,41,player_slot_category,フランス,フランス,,,not_needed,derived_from_existing_profile,,,,,外国籍選手,,approved_proposed,
33098,リチャード・ソロモン,Richard Solomon,696,0,player_slot_category,アメリカ合衆国,アメリカ合衆国,,,not_needed,derived_from_existing_profile,,,,,外国籍選手,,approved_proposed,
40153,ダニエル・ギデンズ,Daniel Giddens,697,41,birthplace,アメリカ合衆国,,外国籍選手,ok,official,official_fields_blank,アメリカ合衆国,,,アメリカ合衆国,,,approved_proposed,公式出生地が未確認のため、league_registered_nationalityの国名をbirthplaceへフォールバック採用
43470,加賀谷 ジェームス 洸太朗,Kotaro James kagaya,53000073,10,birthplace;league_registered_nationality;player_slot_category,,,,ok,official,ok_with_patch,ユース育成特別枠,鹿児島県,ユース育成特別枠,鹿児島県,日本人選手,,approved_proposed,
45866,角田 太輝,Taiki Sumida,3012,25,birthplace,日本,,日本人選手,404,official,not_found,,,,日本,,,approved_proposed,公式出生地が未確認のため、league_registered_nationalityの国名をbirthplaceへフォールバック採用
45867,湧川 颯斗,Hayato Wakugawa,3012,34,birthplace,日本,,日本人選手,404,official,not_found,,,,日本,,,approved_proposed,公式出生地が未確認のため、league_registered_nationalityの国名をbirthplaceへフォールバック採用
45868,佐土原 遼,Ryo Sadohara,3012,8,birthplace,日本,,日本人選手,404,official,not_found,,,,日本,,,approved_proposed,公式出生地が未確認のため、league_registered_nationalityの国名をbirthplaceへフォールバック採用
45869,八村 阿蓮,Allen Hachimura,3012,88,birthplace,日本,,日本人選手,404,official,not_found,,,,日本,,,approved_proposed,公式出生地が未確認のため、league_registered_nationalityの国名をbirthplaceへフォールバック採用
45870,渡邉 飛勇,Hugh Watanabe,701,9,birthplace,日本,,日本人選手,404,official,not_found,,,,日本,,,approved_proposed,公式出生地が未確認のため、league_registered_nationalityの国名をbirthplaceへフォールバック採用
45871,川真田 紘也,Koya Kawamata,3012,99,birthplace,日本,,日本人選手,404,official,not_found,,,,日本,,,approved_proposed,公式出生地が未確認のため、league_registered_nationalityの国名をbirthplaceへフォールバック採用
5100000003,デション・トーマス,Deshaun Thomas,706,0,player_slot_category,アメリカ合衆国,アメリカ合衆国,,,not_needed,derived_from_existing_profile,,,,,外国籍選手,,approved_proposed,
5100000007,ジョーダン・グリン,Jordan Glynn,693,7,player_slot_category,アメリカ合衆国,アメリカ合衆国,,,not_needed,derived_from_existing_profile,,,,,外国籍選手,,approved_proposed,
5100000047,コルトン・アイバーソン,Colton Iverson,693,45,player_slot_category,アメリカ合衆国,アメリカ合衆国,,,not_needed,derived_from_existing_profile,,,,,外国籍選手,,approved_proposed,
5100000060,レイトン・ハモンズ,Leyton Hammonds,694,2,player_slot_category,アメリカ合衆国,アメリカ合衆国,,,not_needed,derived_from_existing_profile,,,,,外国籍選手,,approved_proposed,
5100000061,オヴィ・ソコ,Ovie Soko,729,16,player_slot_category,イギリス,イギリス,,,not_needed,derived_from_existing_profile,,,,,外国籍選手,,approved_proposed,
5100000064,青木 龍史,Ryuji Aoki,700,1,birthplace,日本,,日本人選手,404,official,not_found,,,,日本,,,approved_proposed,公式出生地が未確認のため、league_registered_nationalityの国名をbirthplaceへフォールバック採用
5100000065,オンドレイ・バルヴィン,Ondrej Balvin,713,12,player_slot_category,CZECH REPUBLIC,チェコ,,,not_needed,derived_from_existing_profile,,,,,外国籍選手,,approved_proposed,
5100000067,ジャスティン・ノックス,Justin Knox,697,13,player_slot_category,アメリカ合衆国,アメリカ合衆国,,,not_needed,derived_from_existing_profile,,,,,外国籍選手,,approved_proposed,
5100000068,エリアス・ハリス,Elias Harris,697,20,player_slot_category,ドイツ,ドイツ,,,not_needed,derived_from_existing_profile,,,,,外国籍選手,,approved_proposed,
5100000072,マイケル・クレイグ,Michael Craig,699,23,player_slot_category,アメリカ合衆国,アメリカ合衆国,,,not_needed,derived_from_existing_profile,,,,,外国籍選手,,approved_proposed,
5100000086,ハビエル・ゴメス デ リアニョ,Javier Gomez de Liano,712,22,player_slot_category,フィリピン,フィリピン,,,not_needed,derived_from_existing_profile,,,,,外国籍選手,,approved_proposed,
5100000090,マーク・バートン,Mark Burton,717,1,birthplace;league_registered_nationality;player_slot_category,,,,ok,official,ok_with_partial_patch,日本,,日本,日本,,player_slot_category,approved_proposed,公式出生地が未確認のため、league_registered_nationalityの国名をbirthplaceへフォールバック採用
51000098,ジェイコブス 晶,Akira Jacobs,694,4,player_slot_category,日本,神奈川県,,,not_needed,derived_from_existing_profile,,,,,日本人選手,,approved_proposed,
51000106,ロバート・ドジャー,Robert Dozier,729,00,player_slot_category,日本,福井県,,,not_needed,derived_from_existing_profile,,,,,日本人選手,,approved_proposed,
51000114,寺澤 大夢,Hiromu Terasawa,692,10,birthplace,日本,,日本人選手,ok,official,official_fields_blank,日本,,,日本,,,approved_proposed,公式出生地が未確認のため、league_registered_nationalityの国名をbirthplaceへフォールバック採用
51000126,ピータージュニア・オコエ,Peter Junior Okoye,697,22,player_slot_category,ナイジェリア,ナイジェリア,,,not_needed,derived_from_existing_profile,,,,,外国籍選手,,approved_proposed,
51000131,デュサン・ヴィチェンティッチ,Dusan Vicentic,699,23,player_slot_category,セルビア,セルビア,,,not_needed,derived_from_existing_profile,,,,,外国籍選手,,approved_proposed,
51000161,ジェイコブ・ワイリー,Jacob Wiley,698,0,birthplace,アメリカ合衆国,,外国籍選手,ok,official,official_fields_blank,アメリカ合衆国,,,アメリカ合衆国,,,approved_proposed,公式出生地が未確認のため、league_registered_nationalityの国名をbirthplaceへフォールバック採用
51000189,ブランドン・アシュリー,Brandon Ashley,2486,21,birthplace;league_registered_nationality;player_slot_category,,,,ok,official,ok_with_partial_patch,アメリカ合衆国,,アメリカ合衆国,アメリカ合衆国,,player_slot_category,approved_proposed,公式出生地が未確認のため、league_registered_nationalityの国名をbirthplaceへフォールバック採用
51000218,アンドリュー・ファーガソン,Andrew Ferguson,720,34,birthplace,オーストラリア,,外国籍選手,ok,official,official_fields_blank,オーストラリア,,,オーストラリア,,,approved_proposed,公式出生地が未確認のため、league_registered_nationalityの国名をbirthplaceへフォールバック採用
51000219,ウィリアム・モズリー,William Mosley,716,42,birthplace,アメリカ合衆国,,外国籍選手,ok,official,official_fields_blank,アメリカ合衆国,,,アメリカ合衆国,,,approved_proposed,公式出生地が未確認のため、league_registered_nationalityの国名をbirthplaceへフォールバック採用
51000225,平岡 勇人,Yuto Hiraoka,694,31,birthplace,日本,,日本人選手,ok,official,official_fields_blank,日本,,,日本,,,approved_proposed,公式出生地が未確認のため、league_registered_nationalityの国名をbirthplaceへフォールバック採用
51000226,エペ・ウドゥ,Ekpe Udoh,699,77,birthplace,アメリカ合衆国,,外国籍選手,ok,official,official_fields_blank,アメリカ合衆国,,,アメリカ合衆国,,,approved_proposed,公式出生地が未確認のため、league_registered_nationalityの国名をbirthplaceへフォールバック採用
51000229,キャメロン・クラットウィグ,Cameron Krutwig,712,15,birthplace,アメリカ合衆国,,外国籍選手,ok,official,official_fields_blank,アメリカ合衆国,,,アメリカ合衆国,,,approved_proposed,公式出生地が未確認のため、league_registered_nationalityの国名をbirthplaceへフォールバック採用
51000241,シズ・オルストン,Shizz Alston,728,10,birthplace,アメリカ合衆国,,外国籍選手,ok,official,official_fields_blank,アメリカ合衆国,,,アメリカ合衆国,,,approved_proposed,公式出生地が未確認のため、league_registered_nationalityの国名をbirthplaceへフォールバック採用
51000261,パク ジェヒョン,Jaehyun Park,695,11,birthplace,大韓民国,,外国籍選手,ok,official,official_fields_blank,大韓民国,,,大韓民国,,,approved_proposed,公式出生地が未確認のため、league_registered_nationalityの国名をbirthplaceへフォールバック採用
51000262,サムソン・フローリング,Samson Froling,702,13,birthplace,オーストラリア,,外国籍選手,ok,official,official_fields_blank,オーストラリア,,,オーストラリア,,,approved_proposed,公式出生地が未確認のため、league_registered_nationalityの国名をbirthplaceへフォールバック採用
51000334,ジョニー・オブライアント,Johnny O'Bryant,712,84,birthplace,アメリカ合衆国,,外国籍選手,ok,official,official_fields_blank,アメリカ合衆国,,,アメリカ合衆国,,,approved_proposed,公式出生地が未確認のため、league_registered_nationalityの国名をbirthplaceへフォールバック採用
51000340,井手 歩由夢,Ayumu Ide,1638,12,birthplace,日本,,日本人選手,ok,official,official_fields_blank,日本,,,日本,,,approved_proposed,公式出生地が未確認のため、league_registered_nationalityの国名をbirthplaceへフォールバック採用
51000369,橋谷 真季,Manaki Hashiya,712,23,birthplace,日本,,日本人選手,ok,official,official_fields_blank,日本,,,日本,,,approved_proposed,公式出生地が未確認のため、league_registered_nationalityの国名をbirthplaceへフォールバック採用
51000426,ミッチェル・ライトフット,Mitchell Lightfoot,2488,44,birthplace;league_registered_nationality;player_slot_category,,,,ok,official,ok_with_partial_patch,アメリカ合衆国,,アメリカ合衆国,アメリカ合衆国,,player_slot_category,approved_proposed,公式出生地が未確認のため、league_registered_nationalityの国名をbirthplaceへフォールバック採用
51000427,タイラー・ラム,Tyler Lamb,53000064,8,player_slot_category,タイ,タイ,,,not_needed,derived_from_existing_profile,,,,,外国籍選手,,approved_proposed,
51000490,ブランドン・デイヴィス,Brandon Davies,706,0,birthplace;league_registered_nationality;player_slot_category,,,,ok,official,ok_with_patch,アメリカ合衆国,アメリカ合衆国,アメリカ合衆国,アメリカ合衆国,外国籍選手,,approved_proposed,
51000497,ディディ・ロウザダ,Didi Louzada,726,0,birthplace;league_registered_nationality;player_slot_category,,,,ok,official,ok_with_patch,ブラジル,ブラジル,ブラジル,ブラジル,外国籍選手,,approved_proposed,
51000511,セクー・ドゥムブヤ,Sekou Doumbouya,745,45,birthplace;league_registered_nationality;player_slot_category,,,,ok,official,ok_with_patch,フランス,ギニア,フランス,ギニア,外国籍選手,,approved_proposed,
51000525,ジェイミー・マロンゾ,Jamie Malonzo,699,9,birthplace;league_registered_nationality;player_slot_category,,,,ok,official,ok_with_patch,フィリピン,アメリカ合衆国,フィリピン,アメリカ合衆国,外国籍選手,,approved_proposed,
51000533,デイボン・リード,Davon Reed,1638,9,birthplace,アメリカ合衆国,,外国籍選手,ok,official,official_fields_blank,アメリカ合衆国,,,アメリカ合衆国,,,approved_proposed,公式出生地が未確認のため、league_registered_nationalityの国名をbirthplaceへフォールバック採用
51000540,ティム・シュナイダー,Tim Schneider,712,30,birthplace;league_registered_nationality;player_slot_category,,,,ok,official,ok_with_partial_patch,ドイツ,,ドイツ,ドイツ,,player_slot_category,approved_proposed,公式出生地が未確認のため、league_registered_nationalityの国名をbirthplaceへフォールバック採用
51000550,松村 竜吾,Ryugo Matsumura,721,5,birthplace;league_registered_nationality;player_slot_category,,,,ok,official,ok_with_partial_patch,日本,,日本,日本,,player_slot_category,approved_proposed,公式出生地が未確認のため、league_registered_nationalityの国名をbirthplaceへフォールバック採用
51000560,フランク・カミンスキー,FRANK KAMINSKY,706,44,birthplace;league_registered_nationality;player_slot_category,,,,ok,official,ok_with_patch,アメリカ合衆国,アメリカ合衆国,アメリカ合衆国,アメリカ合衆国,外国籍選手,,approved_proposed,
51000592,針間 大知,Daichi Harima,717,5,birthplace;league_registered_nationality;player_slot_category,,,,ok,official,ok_with_partial_patch,日本,,日本,日本,,player_slot_category,approved_proposed,公式出生地が未確認のため、league_registered_nationalityの国名をbirthplaceへフォールバック採用
51000593,月岡 熙,Hikaru Tsukioka,717,11,birthplace;league_registered_nationality;player_slot_category,,,,ok,official,ok_with_partial_patch,日本,,日本,日本,,player_slot_category,approved_proposed,公式出生地が未確認のため、league_registered_nationalityの国名をbirthplaceへフォールバック採用
51000599,堀田 尚秀,Naohide Hotta,693,7,birthplace;league_registered_nationality;player_slot_category,,,,ok,official,ok_with_partial_patch,日本,,日本,日本,,player_slot_category,approved_proposed,公式出生地が未確認のため、league_registered_nationalityの国名をbirthplaceへフォールバック採用
51000600,岩屋 頼,Yori Iwaya,693,18,birthplace;league_registered_nationality;player_slot_category,,,,ok,official,ok_with_partial_patch,日本,,日本,日本,,player_slot_category,approved_proposed,公式出生地が未確認のため、league_registered_nationalityの国名をbirthplaceへフォールバック採用
51000601,ギャリソン・ブルックス,Garrison Brooks,704,15,birthplace;league_registered_nationality;player_slot_category,,,,ok,official,ok_with_partial_patch,アメリカ合衆国,,アメリカ合衆国,アメリカ合衆国,,player_slot_category,approved_proposed,公式出生地が未確認のため、league_registered_nationalityの国名をbirthplaceへフォールバック採用
51000603,新井 翔太,Shota Arai,720,5,birthplace;league_registered_nationality;player_slot_category,,,,ok,official,ok_with_partial_patch,日本,,日本,日本,,player_slot_category,approved_proposed,公式出生地が未確認のため、league_registered_nationalityの国名をbirthplaceへフォールバック採用
51000604,武富 楓太,Futa Takedomi,1638,11,birthplace;league_registered_nationality;player_slot_category,,,,ok,official,ok_with_partial_patch,日本,,日本,日本,,player_slot_category,approved_proposed,公式出生地が未確認のため、league_registered_nationalityの国名をbirthplaceへフォールバック採用
51000605,佐藤 瑠一シャンドレイ,Louieseandrey Sato,698,11,birthplace;league_registered_nationality;player_slot_category,,,,ok,official,ok_with_partial_patch,日本,,日本,日本,,player_slot_category,approved_proposed,公式出生地が未確認のため、league_registered_nationalityの国名をbirthplaceへフォールバック採用
52433,ジョーダン・ナタイ,Jordan Ngatai,745,20,birthplace,ニュージーランド,,外国籍選手,ok,official,official_fields_blank,ニュージーランド,,,ニュージーランド,,,approved_proposed,公式出生地が未確認のため、league_registered_nationalityの国名をbirthplaceへフォールバック採用
55000009,根本 晃,Ko Nemoto,53000073,12,birthplace,日本,,日本人選手,404,official,not_found,,,,日本,,,approved_proposed,公式出生地が未確認のため、league_registered_nationalityの国名をbirthplaceへフォールバック採用
55000015,山田 悠斗,Yuto Yamada,53000072,5,birthplace,日本,,日本人選手,404,official,not_found,,,,日本,,,approved_proposed,公式出生地が未確認のため、league_registered_nationalityの国名をbirthplaceへフォールバック採用
55000067,五明 一真,Kazuma Gomyo,53000063,13,birthplace,日本,,日本人選手,404,official,not_found,,,,日本,,,approved_proposed,公式出生地が未確認のため、league_registered_nationalityの国名をbirthplaceへフォールバック採用
55000076,須藤 春輝,Haruki Sudo,701,0,birthplace,日本,,日本人選手,ok,official,official_fields_blank,日本,,,日本,,,approved_proposed,公式出生地が未確認のため、league_registered_nationalityの国名をbirthplaceへフォールバック採用
55000077,宜保 隼弥,shunya Gibo,53000072,11,birthplace,日本,,日本人選手,404,official,not_found,,,,日本,,,approved_proposed,公式出生地が未確認のため、league_registered_nationalityの国名をbirthplaceへフォールバック採用
55000174,松下 湊人,Minato Matsushita,53000073,13,birthplace,日本,,日本人選手,404,official,not_found,,,,日本,,,approved_proposed,公式出生地が未確認のため、league_registered_nationalityの国名をbirthplaceへフォールバック採用
55000219,南 拓摩,Takuma Minami,53000062,13,birthplace,日本,,日本人選手,404,official,not_found,,,,日本,,,approved_proposed,公式出生地が未確認のため、league_registered_nationalityの国名をbirthplaceへフォールバック採用
55000308,菅野　楓太,Futa Sugano,53000062,14,birthplace,日本,,日本人選手,404,official,not_found,,,,日本,,,approved_proposed,公式出生地が未確認のため、league_registered_nationalityの国名をbirthplaceへフォールバック採用
55000363,李 子浩,Kohiro Lee,53000062,9,birthplace,日本,,日本人選手,404,official,not_found,,,,日本,,,approved_proposed,公式出生地が未確認のため、league_registered_nationalityの国名をbirthplaceへフォールバック採用
55000423,中西 真那斗,Manato Nakanishi,53000072,6,birthplace,日本,,日本人選手,404,official,not_found,,,,日本,,,approved_proposed,公式出生地が未確認のため、league_registered_nationalityの国名をbirthplaceへフォールバック採用
55000424,佐藤 遼乙,Haruto Sato,53000063,12,birthplace,日本,,日本人選手,404,official,not_found,,,,日本,,,approved_proposed,公式出生地が未確認のため、league_registered_nationalityの国名をbirthplaceへフォールバック採用
55000450,藤井 暖,Non Fujii,53000062,12,birthplace,日本,,日本人選手,404,official,not_found,,,,日本,,,approved_proposed,公式出生地が未確認のため、league_registered_nationalityの国名をbirthplaceへフォールバック採用
55000453,小倉 貴志,Takashi Ogura,53000073,11,birthplace,日本,,日本人選手,404,official,not_found,,,,日本,,,approved_proposed,公式出生地が未確認のため、league_registered_nationalityの国名をbirthplaceへフォールバック採用
55000463,中田 直斗,Naoto Nakata,53000073,14,birthplace,日本,,日本人選手,404,official,not_found,,,,日本,,,approved_proposed,公式出生地が未確認のため、league_registered_nationalityの国名をbirthplaceへフォールバック採用
55000510,木戸 龍斗,Ryuto Kido,53000063,4,birthplace,日本,,日本人選手,404,official,not_found,,,,日本,,,approved_proposed,公式出生地が未確認のため、league_registered_nationalityの国名をbirthplaceへフォールバック採用
55000565,稲葉 耕佑,Kosuke Inaba,53000063,5,birthplace,日本,,日本人選手,404,official,not_found,,,,日本,,,approved_proposed,公式出生地が未確認のため、league_registered_nationalityの国名をbirthplaceへフォールバック採用
55000566,藤原 拓海,Takumi Fujiwara,53000063,6,birthplace,日本,,日本人選手,ok,official,official_fields_blank,日本,,,日本,,,approved_proposed,公式出生地が未確認のため、league_registered_nationalityの国名をbirthplaceへフォールバック採用
55000569,木山 大輔,Daisuke Kiyama,53000063,10,birthplace,日本,,日本人選手,404,official,not_found,,,,日本,,,approved_proposed,公式出生地が未確認のため、league_registered_nationalityの国名をbirthplaceへフォールバック採用
55000570,山本 奨,Masashi Yamamoto,53000063,14,birthplace,日本,,日本人選手,404,official,not_found,,,,日本,,,approved_proposed,公式出生地が未確認のため、league_registered_nationalityの国名をbirthplaceへフォールバック採用
55000571,松尾 和,Yamato Matsuo,53000063,15,birthplace,日本,,日本人選手,404,official,not_found,,,,日本,,,approved_proposed,公式出生地が未確認のため、league_registered_nationalityの国名をbirthplaceへフォールバック採用
55000572,藤井 大,Yamato Fujii,53000062,4,birthplace,日本,,日本人選手,404,official,not_found,,,,日本,,,approved_proposed,公式出生地が未確認のため、league_registered_nationalityの国名をbirthplaceへフォールバック採用
55000574,山﨑 成隆,Naritaka Yamazaki,53000062,6,birthplace;league_registered_nationality,,,日本人選手,404,official,not_found,,,日本,日本,,,approved_proposed,手動ルール適用: league_registered_nationality=日本, birthplace=日本
55000576,倉光 晴,Haru Kuramitsu,53000062,10,birthplace,日本,,日本人選手,404,official,not_found,,,,日本,,,approved_proposed,公式出生地が未確認のため、league_registered_nationalityの国名をbirthplaceへフォールバック採用
55000752,服部 怜恩,Reon Hattori,53000073,5,birthplace,日本,,日本人選手,404,official,not_found,,,,日本,,,approved_proposed,公式出生地が未確認のため、league_registered_nationalityの国名をbirthplaceへフォールバック採用
55000811,西田 瑛久,Eku Nishida,53000072,13,birthplace,日本,,日本人選手,404,official,not_found,,,,日本,,,approved_proposed,公式出生地が未確認のため、league_registered_nationalityの国名をbirthplaceへフォールバック採用
55000818,井伊 拓海,Takuni Ii,53000072,10,birthplace,日本,,日本人選手,ok,official,official_fields_blank,日本,,,日本,,,approved_proposed,公式出生地が未確認のため、league_registered_nationalityの国名をbirthplaceへフォールバック採用
55000826,大越 海藍,Kai Ogoshi,53000073,15,birthplace,日本,,日本人選手,404,official,not_found,,,,日本,,,approved_proposed,公式出生地が未確認のため、league_registered_nationalityの国名をbirthplaceへフォールバック採用
55000845,林 空翔,Takato Hayashi,53000072,6,birthplace,日本,,日本人選手,404,official,not_found,,,,日本,,,approved_proposed,公式出生地が未確認のため、league_registered_nationalityの国名をbirthplaceへフォールバック採用
55000868,梅原 咲弥,Sakuya Umehara,712,39,birthplace,日本,,日本人選手,ok,official,official_fields_blank,日本,,,日本,,,approved_proposed,公式出生地が未確認のため、league_registered_nationalityの国名をbirthplaceへフォールバック採用
55000960,原田 ジョルジオ,Giorgio Harada,53000072,12,birthplace;league_registered_nationality,,,日本人選手,404,official,not_found,,,日本,日本,,,approved_proposed,手動ルール適用: league_registered_nationality=日本, birthplace=日本
55000961,栗原 琉空,Riku Kurihara,53000073,9,birthplace,日本,,日本人選手,404,official,not_found,,,,日本,,,approved_proposed,公式出生地が未確認のため、league_registered_nationalityの国名をbirthplaceへフォールバック採用
55000963,長嶺 充来,Mirai Nagamine,53000073,12,birthplace,日本,,日本人選手,404,official,not_found,,,,日本,,,approved_proposed,公式出生地が未確認のため、league_registered_nationalityの国名をbirthplaceへフォールバック採用
55000964,石原 蔵之助,Kuranosuke Ishihara,53000073,14,birthplace,日本,,日本人選手,404,official,not_found,,,,日本,,,approved_proposed,公式出生地が未確認のため、league_registered_nationalityの国名をbirthplaceへフォールバック採用
55000973,高橋 秀成,Shusei Takahashi,53000073,7,birthplace,日本,,日本人選手,404,official,not_found,,,,日本,,,approved_proposed,公式出生地が未確認のため、league_registered_nationalityの国名をbirthplaceへフォールバック採用
55000974,小松 亮太,Ryota Komatsu,53000073,10,birthplace,日本,,日本人選手,404,official,not_found,,,,日本,,,approved_proposed,公式出生地が未確認のため、league_registered_nationalityの国名をbirthplaceへフォールバック採用
55000975,三上 寛太,Kanta Mikami,53000073,13,birthplace,日本,,日本人選手,404,official,not_found,,,,日本,,,approved_proposed,公式出生地が未確認のため、league_registered_nationalityの国名をbirthplaceへフォールバック採用
55000976,エルマスリ アダム,Adam Elmasri,53000073,14,birthplace;league_registered_nationality,,,日本人選手,404,official,not_found,,,日本,日本,,,approved_proposed,手動ルール適用: league_registered_nationality=日本, birthplace=日本
55000977,宮里 俊佑,Syunsuke Miyazato,53000072,7,birthplace,日本,,日本人選手,404,official,not_found,,,,日本,,,approved_proposed,公式出生地が未確認のため、league_registered_nationalityの国名をbirthplaceへフォールバック採用
55000978,福地 勇太,Yudai Fukuchi,53000072,8,birthplace,日本,,日本人選手,404,official,not_found,,,,日本,,,approved_proposed,公式出生地が未確認のため、league_registered_nationalityの国名をbirthplaceへフォールバック採用
55000979,川邉 蒼侑,Ayuki Kawabe,53000072,12,birthplace,日本,,日本人選手,404,official,not_found,,,,日本,,,approved_proposed,公式出生地が未確認のため、league_registered_nationalityの国名をbirthplaceへフォールバック採用
55000980,中川 恵太,Keita Nakagawa,53000072,13,birthplace,日本,,日本人選手,404,official,not_found,,,,日本,,,approved_proposed,公式出生地が未確認のため、league_registered_nationalityの国名をbirthplaceへフォールバック採用
55000981,プラット 聖也,Sena Platt,53000072,14,birthplace;league_registered_nationality,,,日本人選手,404,official,not_found,,,日本,日本,,,approved_proposed,手動ルール適用: league_registered_nationality=日本, birthplace=日本
8469,菅澤 紀行,Noriyuki Sugasawa,2488,10,birthplace,日本,,日本人選手,ok,official,official_fields_blank,日本,,,日本,,,approved_proposed,公式出生地が未確認のため、league_registered_nationalityの国名をbirthplaceへフォールバック採用
8491,ジュフ 磨々道,Diouf Mamadou,727,25,player_slot_category,日本,セネガル,,,not_needed,no_derivable_change,,,,,帰化選手,,approved_proposed,手動ルール適用: player_slot_category=帰化選手
8502,サム・ウィラード,Sam Willard,696,34,player_slot_category,アメリカ合衆国,オハイオ州,,,not_needed,derived_from_existing_profile,,,,,外国籍選手,,approved_proposed,
8596,桜木 ジェイアール,JR Sakuragi,728,32,birthplace;player_slot_category,日本,,,ok,official,official_fields_blank,日本,,,日本,,player_slot_category,approved_proposed,公式出生地が未確認のため、league_registered_nationalityの国名をbirthplaceへフォールバック採用
8664,ドリュー・ヴァイニー,Drew Viney,696,33,player_slot_category,アメリカ合衆国,カリフォルニア州,,,not_needed,derived_from_existing_profile,,,,,外国籍選手,,approved_proposed,
8689,木下 博之,Hiroyuki Kinoshita,700,17,birthplace,日本,,日本人選手,ok,official,official_fields_blank,日本,,,日本,,,approved_proposed,公式出生地が未確認のため、league_registered_nationalityの国名をbirthplaceへフォールバック採用
8723,坂本　ジェイ,Dieye Sakamoto,692,7,player_slot_category,帰化,セネガル,,,not_needed,no_derivable_change,,,,,帰化選手,,approved_proposed,手動ルール適用: player_slot_category=帰化選手
8758,澤地　サミュエルJr.,Sawaji Samuel Jr.,698,54,player_slot_category,日本,神奈川県,,,not_needed,derived_from_existing_profile,,,,,日本人選手,,approved_proposed,
8760,ディショーン・スティーブンス,Deshawn Stephens,693,23,player_slot_category,アメリカ合衆国,アメリカ,,,not_needed,derived_from_existing_profile,,,,,外国籍選手,,approved_proposed,
8762,ケビン・コッツァー,Kevin Kotzur,699,42,player_slot_category,外国籍,アメリカ合衆国,,,not_needed,derived_from_existing_profile,,,,,外国籍選手,,approved_proposed,
8834,トミー・ブレントン,Tommy Brenton,703,24,player_slot_category,アメリカ合衆国,アメリカ合衆国,,,not_needed,derived_from_existing_profile,,,,,外国籍選手,,approved_proposed,
8835,ジェフ・ギブス,Jeff Gibbs,704,34,birthplace,アメリカ合衆国,,帰化選手,ok,official,official_fields_blank,アメリカ合衆国,,,アメリカ合衆国,,,approved_proposed,公式出生地が未確認のため、league_registered_nationalityの国名をbirthplaceへフォールバック採用
8836,山本 エドワード,Edward Yamamoto,716,5,player_slot_category,日本,鳥取県,,,not_needed,derived_from_existing_profile,,,,,日本人選手,,approved_proposed,
8844,ジョシュ・デービス,Josh Davis,727,00,player_slot_category,アメリカ合衆国,アメリカ,,,not_needed,derived_from_existing_profile,,,,,外国籍選手,,approved_proposed,
9026,デイビット・ウィーバー,David Weaver,729,23,player_slot_category,外国籍,アメリカ合衆国,,,not_needed,derived_from_existing_profile,,,,,外国籍選手,,approved_proposed,
9027,セオン・エディ,Seaun Eddy,718,1,player_slot_category,日本,東京都,,,not_needed,derived_from_existing_profile,,,,,日本人選手,,approved_proposed,
9028,ディアンテ・ギャレット,Diante Garrett,706,2,player_slot_category,アメリカ合衆国,アメリカ,,,not_needed,derived_from_existing_profile,,,,,外国籍選手,,approved_proposed,
9030,二ノ宮 康平,Kohei Ninomiya,698,8,player_slot_category,日本,埼玉県,,,not_needed,derived_from_existing_profile,,,,,日本人選手,,approved_proposed,
9035,アンドリュー・ネイミック,Andrew　Naymick,703,12,player_slot_category,外国籍,アメリカ合衆国,,,not_needed,derived_from_existing_profile,,,,,外国籍選手,,approved_proposed,
9038,トロイ・ギレンウォーター,Troy Gillenwater,706,33,player_slot_category,アメリカ合衆国,アメリカ,,,not_needed,derived_from_existing_profile,,,,,外国籍選手,,approved_proposed,
9041,クリント・チャップマン,Clint Chapman,696,13,player_slot_category,アメリカ合衆国,アメリカ,,,not_needed,derived_from_existing_profile,,,,,外国籍選手,,approved_proposed,
9042,スティーブン・バン・トリース,Stephan Van Treese,695,44,player_slot_category,アメリカ合衆国,アメリカ インディアナ州,,,not_needed,derived_from_existing_profile,,,,,外国籍選手,,approved_proposed,
9056,ヒルトン・アームストロング,Hilton Armstrong,729,20,player_slot_category,外国籍,アメリカ合衆国,,,not_needed,derived_from_existing_profile,,,,,外国籍選手,,approved_proposed,
9057,タイラー・ストーン,Tyler Stone,720,33,player_slot_category,アメリカ合衆国,アメリカ,,,not_needed,derived_from_existing_profile,,,,,外国籍選手,,approved_proposed,
9058,スコット・モリソン,Scott Morrison,701,22,player_slot_category,カナダ,カナダ,,,not_needed,derived_from_existing_profile,,,,,外国籍選手,,approved_proposed,
9059,ケビン・パルマー,Kevin Palmer,693,15,player_slot_category,アメリカ合衆国,アメリカ,,,not_needed,derived_from_existing_profile,,,,,外国籍選手,,approved_proposed,
9062,エグゼビア・ギブソン,Xavier Gibson,695,0,player_slot_category,外国籍,アメリカ合衆国,,,not_needed,derived_from_existing_profile,,,,,外国籍選手,,approved_proposed,
9071,ウィル・クリークモア,Will Creekmore,698,2,player_slot_category,帰化,アメリカ,,,not_needed,no_derivable_change,,,,,帰化選手,,approved_proposed,手動ルール適用: player_slot_category=帰化選手
9081,カディーム・ジャック,Kadeem Jack,726,2,player_slot_category,アメリカ合衆国,アメリカ合衆国,,,not_needed,derived_from_existing_profile,,,,,外国籍選手,,approved_proposed,
9082,アールティー・グイン,R.T. Guinn,726,34,player_slot_category,アメリカ合衆国,アメリカ合衆国,,,not_needed,derived_from_existing_profile,,,,,外国籍選手,,approved_proposed,
9089,コナー・ラマート,Connor Lammert,718,21,player_slot_category,アメリカ合衆国,アメリカ,,,not_needed,derived_from_existing_profile,,,,,外国籍選手,,approved_proposed,
9090,キャメロン・リドリー,Cameron Ridley,718,55,player_slot_category,アメリカ合衆国,アメリカ,,,not_needed,derived_from_existing_profile,,,,,外国籍選手,,approved_proposed,
9266,ジーノ・ポマーレ,Gyno Pomare,720,30,player_slot_category,アメリカ合衆国,アメリカ,,,not_needed,derived_from_existing_profile,,,,,外国籍選手,,approved_proposed,
9316,ジョシュ・ペッパーズ,Josh Peppers,696,22,player_slot_category,外国籍,アメリカ合衆国,,,not_needed,derived_from_existing_profile,,,,,外国籍選手,,approved_proposed,
9331,セドリック・ボーズマン,Cedric Bozeman,703,13,player_slot_category,アメリカ合衆国,アメリカ,,,not_needed,derived_from_existing_profile,,,,,外国籍選手,,approved_proposed,
9334,ライアン・スパングラー,Ryan Spangler,727,12,player_slot_category,アメリカ合衆国,アメリカ,,,not_needed,derived_from_existing_profile,,,,,外国籍選手,,approved_proposed,
9354,ロバート・ドジャー,Robert Dozier,729,00,player_slot_category,外国籍,アメリカ合衆国,,,not_needed,derived_from_existing_profile,,,,,外国籍選手,,approved_proposed,
9355,オルー・アシャオル,Olu Ashaolu,697,5,player_slot_category,カナダ,ナイジェリア,,,not_needed,derived_from_existing_profile,,,,,外国籍選手,,approved_proposed,
9356,リチャード・ロビー,Richard Roby,700,25,player_slot_category,アメリカ合衆国,アメリカ,,,not_needed,derived_from_existing_profile,,,,,外国籍選手,,approved_proposed,
9359,ローレンス・ヒル,Lawrence Hill,699,24,player_slot_category,アメリカ合衆国,アメリカ合衆国,,,not_needed,derived_from_existing_profile,,,,,外国籍選手,,approved_proposed,
9360,マーカス・ダブ,Marcus Dove,699,5,player_slot_category,外国籍,アメリカ,,,not_needed,derived_from_existing_profile,,,,,外国籍選手,,approved_proposed,
9370,ディオン・ライト,Dion Wright,692,21,player_slot_category,アメリカ合衆国,アメリカ合衆国,,,not_needed,derived_from_existing_profile,,,,,外国籍選手,,approved_proposed,
9372,マーカリ・サンダース・フリソン,Markhuri Sanders Frison,726,10,player_slot_category,外国籍,アメリカ,,,not_needed,derived_from_existing_profile,,,,,外国籍選手,,approved_proposed,
9379,カイル・バローン,Kyle Barone,713,33,player_slot_category,アメリカ合衆国,アメリカ合衆国,,,not_needed,derived_from_existing_profile,,,,,外国籍選手,,approved_proposed,
9381,ジョーダン・バチンスキー,Jordan Bachynski,702,13,player_slot_category,カナダ,カナダ,,,not_needed,derived_from_existing_profile,,,,,外国籍選手,,approved_proposed,
9382,ジェロウム・ティルマン,Jerome Tillman,693,33,birthplace,アメリカ合衆国,,外国籍選手,ok,official,official_fields_blank,アメリカ合衆国,,,アメリカ合衆国,,,approved_proposed,公式出生地が未確認のため、league_registered_nationalityの国名をbirthplaceへフォールバック採用
9384,ラモント・ハミルトン,Lamont Hamilton,695,34,player_slot_category,外国籍,アメリカ合衆国,,,not_needed,derived_from_existing_profile,,,,,外国籍選手,,approved_proposed,
9385,モー・チャーロ,Mo Charlo,699,22,player_slot_category,アメリカ合衆国,米国,,,not_needed,derived_from_existing_profile,,,,,外国籍選手,,approved_proposed,
9391,アール・バロン,Earl Barron,696,14,player_slot_category,アメリカ合衆国,ミシシッピ州,,,not_needed,derived_from_existing_profile,,,,,外国籍選手,,approved_proposed,
9392,ダニエル・ミラー,Daniel Miller,702,5,birthplace;player_slot_category,アメリカ合衆国,,,ok,official,official_fields_blank,アメリカ合衆国,,,アメリカ合衆国,,player_slot_category,approved_proposed,公式出生地が未確認のため、league_registered_nationalityの国名をbirthplaceへフォールバック採用
9393,ブライアン・フィッツパトリック,Brian　Fitzpatrick,702,10,player_slot_category,アメリカ合衆国,アメリカ合衆国,,,not_needed,derived_from_existing_profile,,,,,外国籍選手,,approved_proposed,
9400,ファイ パプ月瑠,PapeMour Faye,702,10,player_slot_category,帰化,セネガル,,,not_needed,no_derivable_change,,,,,帰化選手,,approved_proposed,手動ルール適用: player_slot_category=帰化選手
9403,ジェイソン・ウォッシュバーン,Jason Washburn,695,42,player_slot_category,アメリカ合衆国,アメリカ合衆国,,,not_needed,derived_from_existing_profile,,,,,外国籍選手,,approved_proposed,
9404,チャド・ポスチュマス,Chad　Posthumus,726,22,player_slot_category,カナダ,カナダ,,,not_needed,derived_from_existing_profile,,,,,外国籍選手,,approved_proposed,
9407,高橋　マイケル,Michael Takahashi,728,34,player_slot_category,日本,福島県,,,not_needed,derived_from_existing_profile,,,,,日本人選手,,approved_proposed,
9426,ルーベン・ボイキン,Ruben Boykin,726,41,player_slot_category,アメリカ合衆国,アメリカ合衆国カリフォルニア州,,,not_needed,derived_from_existing_profile,,,,,外国籍選手,,approved_proposed,
9431,ジョシュア・クロフォード,Joshua Crawford,695,22,birthplace,アメリカ合衆国,,外国籍選手,ok,official,official_fields_blank,アメリカ合衆国,,,アメリカ合衆国,,,approved_proposed,公式出生地が未確認のため、league_registered_nationalityの国名をbirthplaceへフォールバック採用
9448,アンドレ・マレー,Murray Andre,697,33,player_slot_category,外国籍,アメリカ,,,not_needed,derived_from_existing_profile,,,,,外国籍選手,,approved_proposed,
9460,ジョーダン・ヴァンデンバーグ,Jordan Vandenberg,718,14,player_slot_category,オーストラリア,オーストラリア,,,not_needed,derived_from_existing_profile,,,,,外国籍選手,,approved_proposed,
9461,エンジェル・ガルシア,Angel Garcia,696,41,player_slot_category,アメリカ合衆国,プエルトリコ,,,not_needed,derived_from_existing_profile,,,,,外国籍選手,,approved_proposed,
9474,PARK JAE HAN,PARK JAE HAN,786,0,birthplace;league_registered_nationality;player_slot_category,,,,404,official,not_found,,,韓国,韓国,外国籍選手,,approved_proposed,手動ルール適用: league_registered_nationality=韓国, birthplace=韓国, player_slot_category=外国籍選手
9476,HAN HUI WON,HAN HUI WON,786,4,birthplace;league_registered_nationality;player_slot_category,,,,404,official,not_found,,,韓国,韓国,外国籍選手,,approved_proposed,手動ルール適用: league_registered_nationality=韓国, birthplace=韓国, player_slot_category=外国籍選手
9477,KIM JONG KEUN,KIM JONG KEUN,786,7,birthplace;league_registered_nationality;player_slot_category,,,,404,official,not_found,,,韓国,韓国,外国籍選手,,approved_proposed,手動ルール適用: league_registered_nationality=韓国, birthplace=韓国, player_slot_category=外国籍選手
9478,KIM MIN WOOK,KIM MIN WOOK,786,9,birthplace;league_registered_nationality;player_slot_category,,,,404,official,not_found,,,韓国,韓国,外国籍選手,,approved_proposed,手動ルール適用: league_registered_nationality=韓国, birthplace=韓国, player_slot_category=外国籍選手
9479,JEON SEONG HYEN,JEON SEONG HYEN,786,23,birthplace;league_registered_nationality;player_slot_category,,,,404,official,not_found,,,韓国,韓国,外国籍選手,,approved_proposed,手動ルール適用: league_registered_nationality=韓国, birthplace=韓国, player_slot_category=外国籍選手
9480,KEIFER J SYKES,KEIFER J SYKES,786,28,birthplace;league_registered_nationality;player_slot_category,,,,404,official,not_found,,,韓国,韓国,外国籍選手,,approved_proposed,手動ルール適用: league_registered_nationality=韓国, birthplace=韓国, player_slot_category=外国籍選手
9481,KIM CHEOL UK,KIM CHEOL UK,786,32,birthplace;league_registered_nationality;player_slot_category,,,,404,official,not_found,,,韓国,韓国,外国籍選手,,approved_proposed,手動ルール適用: league_registered_nationality=韓国, birthplace=韓国, player_slot_category=外国籍選手
9482,DAVID JOSEPH SIMON,DAVID JOSEPH SIMON,786,55,birthplace;league_registered_nationality;player_slot_category,,,,404,official,not_found,,,韓国,韓国,外国籍選手,,approved_proposed,手動ルール適用: league_registered_nationality=韓国, birthplace=韓国, player_slot_category=外国籍選手
9483,LEE JUNG HYUN,LEE JUNG HYUN,786,3,birthplace;league_registered_nationality;player_slot_category,,,,404,official,not_found,,,韓国,韓国,外国籍選手,,approved_proposed,手動ルール適用: league_registered_nationality=韓国, birthplace=韓国, player_slot_category=外国籍選手
9484,MOON SEONG GON,MOON SEONG GON,786,10,birthplace;league_registered_nationality;player_slot_category,,,,404,official,not_found,,,韓国,韓国,外国籍選手,,approved_proposed,手動ルール適用: league_registered_nationality=韓国, birthplace=韓国, player_slot_category=外国籍選手
9485,YANG HEE JONG,YANG HEE JONG,786,11,birthplace;league_registered_nationality;player_slot_category,,,,404,official,not_found,,,韓国,韓国,外国籍選手,,approved_proposed,手動ルール適用: league_registered_nationality=韓国, birthplace=韓国, player_slot_category=外国籍選手
9486,OH SE KEUN,OH SE KEUN,786,41,birthplace;league_registered_nationality;player_slot_category,,,,404,official,not_found,,,韓国,韓国,外国籍選手,,approved_proposed,手動ルール適用: league_registered_nationality=韓国, birthplace=韓国, player_slot_category=外国籍選手
9487,ローレンス・ブラックレッジ,Lawrence Blackledge,699,21,player_slot_category,アメリカ合衆国,アメリカ合衆国,,,not_needed,derived_from_existing_profile,,,,,外国籍選手,,approved_proposed,
9488,ジャマール・ソープ,Jahmar Thorpe,706,22,player_slot_category,外国籍,アメリカ合衆国,,,not_needed,derived_from_existing_profile,,,,,外国籍選手,,approved_proposed,
9490,レイショーン・テリー,Reyshawn Terry,701,7,player_slot_category,アメリカ合衆国,米国・ノースカロライナ州出身,,,not_needed,derived_from_existing_profile,,,,,外国籍選手,,approved_proposed,
9494,ウェンデル・ホワイト,Wendell White,697,32,player_slot_category,アメリカ合衆国,アメリカ合衆国,,,not_needed,derived_from_existing_profile,,,,,外国籍選手,,approved_proposed,
9495,ジョシュ・チルドレス,Josh Childress,697,1,player_slot_category,アメリカ合衆国,アメリカ,,,not_needed,derived_from_existing_profile,,,,,外国籍選手,,approved_proposed,
