team_id,team_name_j,page_team_name_j,season,competition,official_game_count,official_win_count,official_loss_count,local_game_count,local_season_game_count,difference,comparison_status,supplement_candidate_game_count,supplement_candidate_status,remaining_team_game_count,remaining_status,source_url,fetch_status,error,fetched_at
1638,佐賀バルーナーズ,SAGA BALLOONERS 佐賀バルーナーズ,2025-26,B1,60,32,28,60,60,0,match,0,not_needed,0,not_needed,https://www.bleague.jp/club_detail/?TeamID=1638,ok,,2026-08-20T10:46:04.632705+00:00
1638,佐賀バルーナーズ,SAGA BALLOONERS 佐賀バルーナーズ,2024-25,B1,60,22,38,58,58,-2,count_diff,2,candidate_complete,0,covered,https://www.bleague.jp/club_detail/?TeamID=1638,ok,,2026-08-20T10:46:04.632705+00:00
1638,佐賀バルーナーズ,SAGA BALLOONERS 佐賀バルーナーズ,2023-24,B1,60,29,31,59,59,-1,count_diff,1,candidate_complete,0,covered,https://www.bleague.jp/club_detail/?TeamID=1638,ok,,2026-08-20T10:46:04.632705+00:00
2486,アルティーリ千葉,ALTIRI CHIBA アルティーリ千葉,2025-26,B1,60,19,41,60,60,0,match,0,not_needed,0,not_needed,https://www.bleague.jp/club_detail/?TeamID=2486,ok,,2026-08-20T10:46:04.632705+00:00
2488,長崎ヴェルカ,NAGASAKI VELCA 長崎ヴェルカ,2025-26,B1,60,47,13,60,67,0,match,0,not_needed,0,not_needed,https://www.bleague.jp/club_detail/?TeamID=2488,ok,,2026-08-20T10:46:04.632705+00:00
2488,長崎ヴェルカ,NAGASAKI VELCA 長崎ヴェルカ,2024-25,B1,60,26,34,58,58,-2,count_diff,2,candidate_complete,0,covered,https://www.bleague.jp/club_detail/?TeamID=2488,ok,,2026-08-20T10:46:04.632705+00:00
2488,長崎ヴェルカ,NAGASAKI VELCA 長崎ヴェルカ,2023-24,B1,60,27,33,58,58,-2,count_diff,2,candidate_complete,0,covered,https://www.bleague.jp/club_detail/?TeamID=2488,ok,,2026-08-20T10:46:04.632705+00:00
692,仙台89ERS,SENDAI 89ERS 仙台89ERS,2025-26,B1,60,35,25,60,60,0,match,0,not_needed,0,not_needed,https://www.bleague.jp/club_detail/?TeamID=692,ok,,2026-08-20T10:46:04.632705+00:00
692,仙台89ERS,SENDAI 89ERS 仙台89ERS,2024-25,B1,60,11,49,59,59,-1,count_diff,1,candidate_complete,0,covered,https://www.bleague.jp/club_detail/?TeamID=692,ok,,2026-08-20T10:46:04.632705+00:00
692,仙台89ERS,SENDAI 89ERS 仙台89ERS,2023-24,B1,60,27,33,59,59,-1,count_diff,1,candidate_complete,0,covered,https://www.bleague.jp/club_detail/?TeamID=692,ok,,2026-08-20T10:46:04.632705+00:00
692,仙台89ERS,SENDAI 89ERS 仙台89ERS,2022-23,B1,60,19,41,60,60,0,match,0,not_needed,0,not_needed,https://www.bleague.jp/club_detail/?TeamID=692,ok,,2026-08-20T10:46:04.632705+00:00
692,仙台89ERS,SENDAI 89ERS 仙台89ERS,2016-17,B1,60,14,46,60,60,0,match,0,not_needed,0,not_needed,https://www.bleague.jp/club_detail/?TeamID=692,ok,,2026-08-20T10:46:04.632705+00:00
693,秋田ノーザンハピネッツ,AKITA NORTHERN HAPPINETS 秋田ノーザンハピネッツ,2025-26,B1,60,10,50,60,60,0,match,0,not_needed,0,not_needed,https://www.bleague.jp/club_detail/?TeamID=693,ok,,2026-08-20T10:46:04.632705+00:00
693,秋田ノーザンハピネッツ,AKITA NORTHERN HAPPINETS 秋田ノーザンハピネッツ,2024-25,B1,60,28,32,58,58,-2,count_diff,2,candidate_complete,0,covered,https://www.bleague.jp/club_detail/?TeamID=693,ok,,2026-08-20T10:46:04.632705+00:00
693,秋田ノーザンハピネッツ,AKITA NORTHERN HAPPINETS 秋田ノーザンハピネッツ,2023-24,B1,60,30,30,57,57,-3,count_diff,3,candidate_complete,0,covered,https://www.bleague.jp/club_detail/?TeamID=693,ok,,2026-08-20T10:46:04.632705+00:00
693,秋田ノーザンハピネッツ,AKITA NORTHERN HAPPINETS 秋田ノーザンハピネッツ,2022-23,B1,60,29,31,60,60,0,match,0,not_needed,0,not_needed,https://www.bleague.jp/club_detail/?TeamID=693,ok,,2026-08-20T10:46:04.632705+00:00
693,秋田ノーザンハピネッツ,AKITA NORTHERN HAPPINETS 秋田ノーザンハピネッツ,2021-22,B1,54,31,23,54,56,0,match,0,not_needed,0,not_needed,https://www.bleague.jp/club_detail/?TeamID=693,ok,,2026-08-20T10:46:04.632705+00:00
693,秋田ノーザンハピネッツ,AKITA NORTHERN HAPPINETS 秋田ノーザンハピネッツ,2020-21,B1,59,28,31,59,59,0,match,0,not_needed,0,not_needed,https://www.bleague.jp/club_detail/?TeamID=693,ok,,2026-08-20T10:46:04.632705+00:00
693,秋田ノーザンハピネッツ,AKITA NORTHERN HAPPINETS 秋田ノーザンハピネッツ,2019-20,B1,41,19,22,41,41,0,match,0,not_needed,0,not_needed,https://www.bleague.jp/club_detail/?TeamID=693,ok,,2026-08-20T10:46:04.632705+00:00
693,秋田ノーザンハピネッツ,AKITA NORTHERN HAPPINETS 秋田ノーザンハピネッツ,2018-19,B1,60,17,43,60,60,0,match,0,not_needed,0,not_needed,https://www.bleague.jp/club_detail/?TeamID=693,ok,,2026-08-20T10:46:04.632705+00:00
693,秋田ノーザンハピネッツ,AKITA NORTHERN HAPPINETS 秋田ノーザンハピネッツ,2016-17,B1,60,18,42,60,60,0,match,0,not_needed,0,not_needed,https://www.bleague.jp/club_detail/?TeamID=693,ok,,2026-08-20T10:46:04.632705+00:00
694,横浜ビー・コルセアーズ,YOKOHAMA B-CORSAIRS 横浜ビー・コルセアーズ,2025-26,B1,60,26,34,60,60,0,match,0,not_needed,0,not_needed,https://www.bleague.jp/club_detail/?TeamID=694,ok,,2026-08-20T10:46:04.632705+00:00
694,横浜ビー・コルセアーズ,YOKOHAMA B-CORSAIRS 横浜ビー・コルセアーズ,2024-25,B1,60,24,36,60,60,0,match,0,not_needed,0,not_needed,https://www.bleague.jp/club_detail/?TeamID=694,ok,,2026-08-20T10:46:04.632705+00:00
694,横浜ビー・コルセアーズ,YOKOHAMA B-CORSAIRS 横浜ビー・コルセアーズ,2023-24,B1,60,24,36,60,60,0,match,0,not_needed,0,not_needed,https://www.bleague.jp/club_detail/?TeamID=694,ok,,2026-08-20T10:46:04.632705+00:00
694,横浜ビー・コルセアーズ,YOKOHAMA B-CORSAIRS 横浜ビー・コルセアーズ,2022-23,B1,60,33,27,60,64,0,match,0,not_needed,0,not_needed,https://www.bleague.jp/club_detail/?TeamID=694,ok,,2026-08-20T10:46:04.632705+00:00
694,横浜ビー・コルセアーズ,YOKOHAMA B-CORSAIRS 横浜ビー・コルセアーズ,2021-22,B1,57,22,35,57,57,0,match,0,not_needed,0,not_needed,https://www.bleague.jp/club_detail/?TeamID=694,ok,,2026-08-20T10:46:04.632705+00:00
694,横浜ビー・コルセアーズ,YOKOHAMA B-CORSAIRS 横浜ビー・コルセアーズ,2020-21,B1,59,19,40,59,59,0,match,0,not_needed,0,not_needed,https://www.bleague.jp/club_detail/?TeamID=694,ok,,2026-08-20T10:46:04.632705+00:00
694,横浜ビー・コルセアーズ,YOKOHAMA B-CORSAIRS 横浜ビー・コルセアーズ,2019-20,B1,41,11,30,41,41,0,match,0,not_needed,0,not_needed,https://www.bleague.jp/club_detail/?TeamID=694,ok,,2026-08-20T10:46:04.632705+00:00
694,横浜ビー・コルセアーズ,YOKOHAMA B-CORSAIRS 横浜ビー・コルセアーズ,2018-19,B1,60,14,46,59,59,-1,count_diff,1,candidate_complete,0,covered,https://www.bleague.jp/club_detail/?TeamID=694,ok,,2026-08-20T10:46:04.632705+00:00
694,横浜ビー・コルセアーズ,YOKOHAMA B-CORSAIRS 横浜ビー・コルセアーズ,2017-18,B1,60,18,42,60,60,0,match,0,not_needed,0,not_needed,https://www.bleague.jp/club_detail/?TeamID=694,ok,,2026-08-20T10:46:04.632705+00:00
694,横浜ビー・コルセアーズ,YOKOHAMA B-CORSAIRS 横浜ビー・コルセアーズ,2016-17,B1,60,16,44,60,60,0,match,0,not_needed,0,not_needed,https://www.bleague.jp/club_detail/?TeamID=694,ok,,2026-08-20T10:46:04.632705+00:00
695,新潟アルビレックスBB,NIIGATA ALBIREX BB 新潟アルビレックスBB,2022-23,B1,60,13,47,59,59,-1,count_diff,1,candidate_complete,0,covered,https://www.bleague.jp/club_detail/?TeamID=695,ok,,2026-08-20T10:46:04.632705+00:00
695,新潟アルビレックスBB,NIIGATA ALBIREX BB 新潟アルビレックスBB,2021-22,B1,52,7,45,52,52,0,match,0,not_needed,0,not_needed,https://www.bleague.jp/club_detail/?TeamID=695,ok,,2026-08-20T10:46:04.632705+00:00
695,新潟アルビレックスBB,NIIGATA ALBIREX BB 新潟アルビレックスBB,2020-21,B1,54,16,38,54,54,0,match,0,not_needed,0,not_needed,https://www.bleague.jp/club_detail/?TeamID=695,ok,,2026-08-20T10:46:04.632705+00:00
695,新潟アルビレックスBB,NIIGATA ALBIREX BB 新潟アルビレックスBB,2019-20,B1,41,13,28,41,41,0,match,0,not_needed,0,not_needed,https://www.bleague.jp/club_detail/?TeamID=695,ok,,2026-08-20T10:46:04.632705+00:00
695,新潟アルビレックスBB,NIIGATA ALBIREX BB 新潟アルビレックスBB,2018-19,B1,60,45,15,60,62,0,match,0,not_needed,0,not_needed,https://www.bleague.jp/club_detail/?TeamID=695,ok,,2026-08-20T10:46:04.632705+00:00
695,新潟アルビレックスBB,NIIGATA ALBIREX BB 新潟アルビレックスBB,2017-18,B1,60,28,32,60,60,0,match,0,not_needed,0,not_needed,https://www.bleague.jp/club_detail/?TeamID=695,ok,,2026-08-20T10:46:04.632705+00:00
695,新潟アルビレックスBB,NIIGATA ALBIREX BB 新潟アルビレックスBB,2016-17,B1,60,27,33,60,60,0,match,0,not_needed,0,not_needed,https://www.bleague.jp/club_detail/?TeamID=695,ok,,2026-08-20T10:46:04.632705+00:00
696,富山グラウジーズ,TOYAMA GROUSES 富山グラウジーズ,2025-26,B1,60,18,42,60,60,0,match,0,not_needed,0,not_needed,https://www.bleague.jp/club_detail/?TeamID=696,ok,,2026-08-20T10:46:04.632705+00:00
696,富山グラウジーズ,TOYAMA GROUSES 富山グラウジーズ,2023-24,B1,60,4,56,60,60,0,match,0,not_needed,0,not_needed,https://www.bleague.jp/club_detail/?TeamID=696,ok,,2026-08-20T10:46:04.632705+00:00
696,富山グラウジーズ,TOYAMA GROUSES 富山グラウジーズ,2022-23,B1,60,15,45,59,59,-1,count_diff,1,candidate_complete,0,covered,https://www.bleague.jp/club_detail/?TeamID=696,ok,,2026-08-20T10:46:04.632705+00:00
696,富山グラウジーズ,TOYAMA GROUSES 富山グラウジーズ,2021-22,B1,59,24,35,59,59,0,match,0,not_needed,0,not_needed,https://www.bleague.jp/club_detail/?TeamID=696,ok,,2026-08-20T10:46:04.632705+00:00
696,富山グラウジーズ,TOYAMA GROUSES 富山グラウジーズ,2020-21,B1,60,39,21,60,63,0,match,0,not_needed,0,not_needed,https://www.bleague.jp/club_detail/?TeamID=696,ok,,2026-08-20T10:46:04.632705+00:00
696,富山グラウジーズ,TOYAMA GROUSES 富山グラウジーズ,2019-20,B1,41,17,24,40,40,-1,count_diff,1,candidate_complete,0,covered,https://www.bleague.jp/club_detail/?TeamID=696,ok,,2026-08-20T10:46:04.632705+00:00
696,富山グラウジーズ,TOYAMA GROUSES 富山グラウジーズ,2018-19,B1,60,32,28,60,62,0,match,0,not_needed,0,not_needed,https://www.bleague.jp/club_detail/?TeamID=696,ok,,2026-08-20T10:46:04.632705+00:00
696,富山グラウジーズ,TOYAMA GROUSES 富山グラウジーズ,2017-18,B1,60,24,36,60,60,0,match,0,not_needed,0,not_needed,https://www.bleague.jp/club_detail/?TeamID=696,ok,,2026-08-20T10:46:04.632705+00:00
696,富山グラウジーズ,TOYAMA GROUSES 富山グラウジーズ,2016-17,B1,60,18,42,60,60,0,match,0,not_needed,0,not_needed,https://www.bleague.jp/club_detail/?TeamID=696,ok,,2026-08-20T10:46:04.632705+00:00
697,三遠ネオフェニックス,SAN-EN NEOPHOENIX 三遠ネオフェニックス,2025-26,B1,60,36,24,60,60,0,match,0,not_needed,0,not_needed,https://www.bleague.jp/club_detail/?TeamID=697,ok,,2026-08-20T10:46:04.632705+00:00
697,三遠ネオフェニックス,SAN-EN NEOPHOENIX 三遠ネオフェニックス,2024-25,B1,59,47,12,57,61,-2,count_diff,2,candidate_complete,0,covered,https://www.bleague.jp/club_detail/?TeamID=697,ok,,2026-08-20T10:46:04.632705+00:00
697,三遠ネオフェニックス,SAN-EN NEOPHOENIX 三遠ネオフェニックス,2023-24,B1,60,46,14,60,62,0,match,0,not_needed,0,not_needed,https://www.bleague.jp/club_detail/?TeamID=697,ok,,2026-08-20T10:46:04.632705+00:00
697,三遠ネオフェニックス,SAN-EN NEOPHOENIX 三遠ネオフェニックス,2022-23,B1,60,23,37,59,59,-1,count_diff,1,candidate_complete,0,covered,https://www.bleague.jp/club_detail/?TeamID=697,ok,,2026-08-20T10:46:04.632705+00:00
697,三遠ネオフェニックス,SAN-EN NEOPHOENIX 三遠ネオフェニックス,2021-22,B1,58,10,48,58,58,0,match,0,not_needed,0,not_needed,https://www.bleague.jp/club_detail/?TeamID=697,ok,,2026-08-20T10:46:04.632705+00:00
697,三遠ネオフェニックス,SAN-EN NEOPHOENIX 三遠ネオフェニックス,2020-21,B1,59,12,47,59,59,0,match,0,not_needed,0,not_needed,https://www.bleague.jp/club_detail/?TeamID=697,ok,,2026-08-20T10:46:04.632705+00:00
697,三遠ネオフェニックス,SAN-EN NEOPHOENIX 三遠ネオフェニックス,2019-20,B1,41,5,36,41,41,0,match,0,not_needed,0,not_needed,https://www.bleague.jp/club_detail/?TeamID=697,ok,,2026-08-20T10:46:04.632705+00:00
697,三遠ネオフェニックス,SAN-EN NEOPHOENIX 三遠ネオフェニックス,2018-19,B1,60,22,38,59,59,-1,count_diff,1,candidate_complete,0,covered,https://www.bleague.jp/club_detail/?TeamID=697,ok,,2026-08-20T10:46:04.632705+00:00
697,三遠ネオフェニックス,SAN-EN NEOPHOENIX 三遠ネオフェニックス,2017-18,B1,60,25,35,59,59,-1,count_diff,1,candidate_complete,0,covered,https://www.bleague.jp/club_detail/?TeamID=697,ok,,2026-08-20T10:46:04.632705+00:00
697,三遠ネオフェニックス,SAN-EN NEOPHOENIX 三遠ネオフェニックス,2016-17,B1,60,33,27,60,62,0,match,0,not_needed,0,not_needed,https://www.bleague.jp/club_detail/?TeamID=697,ok,,2026-08-20T10:46:04.632705+00:00
698,滋賀レイクスターズ,SHIGA LAKES 滋賀レイクス,2025-26,B1,60,23,37,60,60,0,match,0,not_needed,0,not_needed,https://www.bleague.jp/club_detail/?TeamID=698,ok,,2026-08-20T10:46:04.632705+00:00
698,滋賀レイクスターズ,SHIGA LAKES 滋賀レイクス,2024-25,B1,59,8,51,59,59,0,match,0,not_needed,0,not_needed,https://www.bleague.jp/club_detail/?TeamID=698,ok,,2026-08-20T10:46:04.632705+00:00
698,滋賀レイクスターズ,SHIGA LAKES 滋賀レイクス,2022-23,B1,59,13,46,58,58,-1,count_diff,1,candidate_complete,0,covered,https://www.bleague.jp/club_detail/?TeamID=698,ok,,2026-08-20T10:46:04.632705+00:00
698,滋賀レイクスターズ,SHIGA LAKES 滋賀レイクス,2021-22,B1,57,14,43,57,57,0,match,0,not_needed,0,not_needed,https://www.bleague.jp/club_detail/?TeamID=698,ok,,2026-08-20T10:46:04.632705+00:00
698,滋賀レイクスターズ,SHIGA LAKES 滋賀レイクス,2020-21,B1,59,23,36,59,59,0,match,0,not_needed,0,not_needed,https://www.bleague.jp/club_detail/?TeamID=698,ok,,2026-08-20T10:46:04.632705+00:00
698,滋賀レイクスターズ,SHIGA LAKES 滋賀レイクス,2019-20,B1,41,21,20,41,41,0,match,0,not_needed,0,not_needed,https://www.bleague.jp/club_detail/?TeamID=698,ok,,2026-08-20T10:46:04.632705+00:00
698,滋賀レイクスターズ,SHIGA LAKES 滋賀レイクス,2018-19,B1,60,18,42,60,60,0,match,0,not_needed,0,not_needed,https://www.bleague.jp/club_detail/?TeamID=698,ok,,2026-08-20T10:46:04.632705+00:00
698,滋賀レイクスターズ,SHIGA LAKES 滋賀レイクス,2017-18,B1,60,24,36,60,60,0,match,0,not_needed,0,not_needed,https://www.bleague.jp/club_detail/?TeamID=698,ok,,2026-08-20T10:46:04.632705+00:00
698,滋賀レイクスターズ,SHIGA LAKES 滋賀レイクス,2016-17,B1,60,21,39,60,60,0,match,0,not_needed,0,not_needed,https://www.bleague.jp/club_detail/?TeamID=698,ok,,2026-08-20T10:46:04.632705+00:00
699,京都ハンナリーズ,KYOTO HANNARYZ 京都ハンナリーズ,2025-26,B1,60,20,40,60,60,0,match,0,not_needed,0,not_needed,https://www.bleague.jp/club_detail/?TeamID=699,ok,,2026-08-20T10:46:04.632705+00:00
699,京都ハンナリーズ,KYOTO HANNARYZ 京都ハンナリーズ,2024-25,B1,60,33,27,59,59,-1,count_diff,1,candidate_complete,0,covered,https://www.bleague.jp/club_detail/?TeamID=699,ok,,2026-08-20T10:46:04.632705+00:00
699,京都ハンナリーズ,KYOTO HANNARYZ 京都ハンナリーズ,2023-24,B1,60,17,43,60,60,0,match,0,not_needed,0,not_needed,https://www.bleague.jp/club_detail/?TeamID=699,ok,,2026-08-20T10:46:04.632705+00:00
699,京都ハンナリーズ,KYOTO HANNARYZ 京都ハンナリーズ,2022-23,B1,60,22,38,59,59,-1,count_diff,1,candidate_complete,0,covered,https://www.bleague.jp/club_detail/?TeamID=699,ok,,2026-08-20T10:46:04.632705+00:00
699,京都ハンナリーズ,KYOTO HANNARYZ 京都ハンナリーズ,2021-22,B1,57,14,43,57,57,0,match,0,not_needed,0,not_needed,https://www.bleague.jp/club_detail/?TeamID=699,ok,,2026-08-20T10:46:04.632705+00:00
699,京都ハンナリーズ,KYOTO HANNARYZ 京都ハンナリーズ,2020-21,B1,57,21,36,57,57,0,match,0,not_needed,0,not_needed,https://www.bleague.jp/club_detail/?TeamID=699,ok,,2026-08-20T10:46:04.632705+00:00
699,京都ハンナリーズ,KYOTO HANNARYZ 京都ハンナリーズ,2019-20,B1,41,20,21,41,41,0,match,0,not_needed,0,not_needed,https://www.bleague.jp/club_detail/?TeamID=699,ok,,2026-08-20T10:46:04.632705+00:00
699,京都ハンナリーズ,KYOTO HANNARYZ 京都ハンナリーズ,2018-19,B1,60,31,29,60,60,0,match,0,not_needed,0,not_needed,https://www.bleague.jp/club_detail/?TeamID=699,ok,,2026-08-20T10:46:04.632705+00:00
699,京都ハンナリーズ,KYOTO HANNARYZ 京都ハンナリーズ,2017-18,B1,60,34,26,60,62,0,match,0,not_needed,0,not_needed,https://www.bleague.jp/club_detail/?TeamID=699,ok,,2026-08-20T10:46:04.632705+00:00
699,京都ハンナリーズ,KYOTO HANNARYZ 京都ハンナリーズ,2016-17,B1,60,25,35,60,60,0,match,0,not_needed,0,not_needed,https://www.bleague.jp/club_detail/?TeamID=699,ok,,2026-08-20T10:46:04.632705+00:00
700,大阪エヴェッサ,OSAKA EVESSA 大阪エヴェッサ,2025-26,B1,60,23,37,60,60,0,match,0,not_needed,0,not_needed,https://www.bleague.jp/club_detail/?TeamID=700,ok,,2026-08-20T10:46:04.632705+00:00
700,大阪エヴェッサ,OSAKA EVESSA 大阪エヴェッサ,2024-25,B1,60,29,31,59,59,-1,count_diff,1,candidate_complete,0,covered,https://www.bleague.jp/club_detail/?TeamID=700,ok,,2026-08-20T10:46:04.632705+00:00
700,大阪エヴェッサ,OSAKA EVESSA 大阪エヴェッサ,2023-24,B1,60,25,35,59,59,-1,count_diff,1,candidate_complete,0,covered,https://www.bleague.jp/club_detail/?TeamID=700,ok,,2026-08-20T10:46:04.632705+00:00
700,大阪エヴェッサ,OSAKA EVESSA 大阪エヴェッサ,2022-23,B1,60,27,33,60,60,0,match,0,not_needed,0,not_needed,https://www.bleague.jp/club_detail/?TeamID=700,ok,,2026-08-20T10:46:04.632705+00:00
700,大阪エヴェッサ,OSAKA EVESSA 大阪エヴェッサ,2021-22,B1,57,21,36,57,57,0,match,0,not_needed,0,not_needed,https://www.bleague.jp/club_detail/?TeamID=700,ok,,2026-08-20T10:46:04.632705+00:00
700,大阪エヴェッサ,OSAKA EVESSA 大阪エヴェッサ,2020-21,B1,54,34,20,54,56,0,match,0,not_needed,0,not_needed,https://www.bleague.jp/club_detail/?TeamID=700,ok,,2026-08-20T10:46:04.632705+00:00
700,大阪エヴェッサ,OSAKA EVESSA 大阪エヴェッサ,2019-20,B1,41,26,15,40,40,-1,count_diff,1,candidate_complete,0,covered,https://www.bleague.jp/club_detail/?TeamID=700,ok,,2026-08-20T10:46:04.632705+00:00
700,大阪エヴェッサ,OSAKA EVESSA 大阪エヴェッサ,2018-19,B1,60,23,37,60,60,0,match,0,not_needed,0,not_needed,https://www.bleague.jp/club_detail/?TeamID=700,ok,,2026-08-20T10:46:04.632705+00:00
700,大阪エヴェッサ,OSAKA EVESSA 大阪エヴェッサ,2017-18,B1,60,24,36,60,60,0,match,0,not_needed,0,not_needed,https://www.bleague.jp/club_detail/?TeamID=700,ok,,2026-08-20T10:46:04.632705+00:00
700,大阪エヴェッサ,OSAKA EVESSA 大阪エヴェッサ,2016-17,B1,60,28,32,60,60,0,match,0,not_needed,0,not_needed,https://www.bleague.jp/club_detail/?TeamID=700,ok,,2026-08-20T10:46:04.632705+00:00
701,琉球ゴールデンキングス,RYUKYU GOLDEN KINGS 琉球ゴールデンキングス,2025-26,B1,60,42,18,60,67,0,match,0,not_needed,0,not_needed,https://www.bleague.jp/club_detail/?TeamID=701,ok,,2026-08-20T10:46:04.632705+00:00
701,琉球ゴールデンキングス,RYUKYU GOLDEN KINGS 琉球ゴールデンキングス,2024-25,B1,60,46,14,57,64,-3,count_diff,3,candidate_complete,0,covered,https://www.bleague.jp/club_detail/?TeamID=701,ok,,2026-08-20T10:46:04.632705+00:00
701,琉球ゴールデンキングス,RYUKYU GOLDEN KINGS 琉球ゴールデンキングス,2023-24,B1,60,41,19,60,69,0,match,0,not_needed,0,not_needed,https://www.bleague.jp/club_detail/?TeamID=701,ok,,2026-08-20T10:46:04.632705+00:00
701,琉球ゴールデンキングス,RYUKYU GOLDEN KINGS 琉球ゴールデンキングス,2022-23,B1,60,48,12,59,65,-1,count_diff,1,candidate_complete,0,covered,https://www.bleague.jp/club_detail/?TeamID=701,ok,,2026-08-20T10:46:04.632705+00:00
701,琉球ゴールデンキングス,RYUKYU GOLDEN KINGS 琉球ゴールデンキングス,2021-22,B1,56,49,7,55,61,-1,count_diff,1,candidate_complete,0,covered,https://www.bleague.jp/club_detail/?TeamID=701,ok,,2026-08-20T10:46:04.632705+00:00
701,琉球ゴールデンキングス,RYUKYU GOLDEN KINGS 琉球ゴールデンキングス,2020-21,B1,56,40,16,56,62,0,match,0,not_needed,0,not_needed,https://www.bleague.jp/club_detail/?TeamID=701,ok,,2026-08-20T10:46:04.632705+00:00
701,琉球ゴールデンキングス,RYUKYU GOLDEN KINGS 琉球ゴールデンキングス,2019-20,B1,41,27,14,41,41,0,match,0,not_needed,0,not_needed,https://www.bleague.jp/club_detail/?TeamID=701,ok,,2026-08-20T10:46:04.632705+00:00
701,琉球ゴールデンキングス,RYUKYU GOLDEN KINGS 琉球ゴールデンキングス,2018-19,B1,60,40,20,60,66,0,match,0,not_needed,0,not_needed,https://www.bleague.jp/club_detail/?TeamID=701,ok,,2026-08-20T10:46:04.632705+00:00
701,琉球ゴールデンキングス,RYUKYU GOLDEN KINGS 琉球ゴールデンキングス,2017-18,B1,60,42,18,60,65,0,match,0,not_needed,0,not_needed,https://www.bleague.jp/club_detail/?TeamID=701,ok,,2026-08-20T10:46:04.632705+00:00
701,琉球ゴールデンキングス,RYUKYU GOLDEN KINGS 琉球ゴールデンキングス,2016-17,B1,60,29,31,60,62,0,match,0,not_needed,0,not_needed,https://www.bleague.jp/club_detail/?TeamID=701,ok,,2026-08-20T10:46:04.632705+00:00
702,レバンガ北海道,LEVANGA HOKKAIDO レバンガ北海道,2025-26,B1,60,37,23,60,60,0,match,0,not_needed,0,not_needed,https://www.bleague.jp/club_detail/?TeamID=702,ok,,2026-08-20T10:46:04.632705+00:00
702,レバンガ北海道,LEVANGA HOKKAIDO レバンガ北海道,2024-25,B1,60,21,39,60,60,0,match,0,not_needed,0,not_needed,https://www.bleague.jp/club_detail/?TeamID=702,ok,,2026-08-20T10:46:04.632705+00:00
702,レバンガ北海道,LEVANGA HOKKAIDO レバンガ北海道,2023-24,B1,60,17,43,59,59,-1,count_diff,1,candidate_complete,0,covered,https://www.bleague.jp/club_detail/?TeamID=702,ok,,2026-08-20T10:46:04.632705+00:00
702,レバンガ北海道,LEVANGA HOKKAIDO レバンガ北海道,2022-23,B1,60,19,41,60,60,0,match,0,not_needed,0,not_needed,https://www.bleague.jp/club_detail/?TeamID=702,ok,,2026-08-20T10:46:04.632705+00:00
702,レバンガ北海道,LEVANGA HOKKAIDO レバンガ北海道,2021-22,B1,56,21,35,56,56,0,match,0,not_needed,0,not_needed,https://www.bleague.jp/club_detail/?TeamID=702,ok,,2026-08-20T10:46:04.632705+00:00
702,レバンガ北海道,LEVANGA HOKKAIDO レバンガ北海道,2020-21,B1,59,14,45,59,59,0,match,0,not_needed,0,not_needed,https://www.bleague.jp/club_detail/?TeamID=702,ok,,2026-08-20T10:46:04.632705+00:00
702,レバンガ北海道,LEVANGA HOKKAIDO レバンガ北海道,2019-20,B1,40,13,27,40,40,0,match,0,not_needed,0,not_needed,https://www.bleague.jp/club_detail/?TeamID=702,ok,,2026-08-20T10:46:04.632705+00:00
702,レバンガ北海道,LEVANGA HOKKAIDO レバンガ北海道,2018-19,B1,60,10,50,60,60,0,match,0,not_needed,0,not_needed,https://www.bleague.jp/club_detail/?TeamID=702,ok,,2026-08-20T10:46:04.632705+00:00
702,レバンガ北海道,LEVANGA HOKKAIDO レバンガ北海道,2017-18,B1,60,26,34,59,59,-1,count_diff,1,candidate_complete,0,covered,https://www.bleague.jp/club_detail/?TeamID=702,ok,,2026-08-20T10:46:04.632705+00:00
702,レバンガ北海道,LEVANGA HOKKAIDO レバンガ北海道,2016-17,B1,60,23,37,60,60,0,match,0,not_needed,0,not_needed,https://www.bleague.jp/club_detail/?TeamID=702,ok,,2026-08-20T10:46:04.632705+00:00
703,栃木ブレックス,UTSUNOMIYA BREX 宇都宮ブレックス,2025-26,B1,60,45,15,60,62,0,match,0,not_needed,0,not_needed,https://www.bleague.jp/club_detail/?TeamID=703,ok,,2026-08-20T10:46:04.632705+00:00
703,栃木ブレックス,UTSUNOMIYA BREX 宇都宮ブレックス,2024-25,B1,60,48,12,60,68,0,match,0,not_needed,0,not_needed,https://www.bleague.jp/club_detail/?TeamID=703,ok,,2026-08-20T10:46:04.632705+00:00
703,栃木ブレックス,UTSUNOMIYA BREX 宇都宮ブレックス,2023-24,B1,60,51,9,60,63,0,match,0,not_needed,0,not_needed,https://www.bleague.jp/club_detail/?TeamID=703,ok,,2026-08-20T10:46:04.632705+00:00
703,栃木ブレックス,UTSUNOMIYA BREX 宇都宮ブレックス,2022-23,B1,60,32,28,60,60,0,match,0,not_needed,0,not_needed,https://www.bleague.jp/club_detail/?TeamID=703,ok,,2026-08-20T10:46:04.632705+00:00
703,栃木ブレックス,UTSUNOMIYA BREX 宇都宮ブレックス,2021-22,B1,56,40,16,56,62,0,match,0,not_needed,0,not_needed,https://www.bleague.jp/club_detail/?TeamID=703,ok,,2026-08-20T10:46:04.632705+00:00
703,栃木ブレックス,UTSUNOMIYA BREX 宇都宮ブレックス,2020-21,B1,60,49,11,60,66,0,match,0,not_needed,0,not_needed,https://www.bleague.jp/club_detail/?TeamID=703,ok,,2026-08-20T10:46:04.632705+00:00
703,栃木ブレックス,UTSUNOMIYA BREX 宇都宮ブレックス,2019-20,B1,40,31,9,40,40,0,match,0,not_needed,0,not_needed,https://www.bleague.jp/club_detail/?TeamID=703,ok,,2026-08-20T10:46:04.632705+00:00
703,栃木ブレックス,UTSUNOMIYA BREX 宇都宮ブレックス,2018-19,B1,60,49,11,59,63,-1,count_diff,1,candidate_complete,0,covered,https://www.bleague.jp/club_detail/?TeamID=703,ok,,2026-08-20T10:46:04.632705+00:00
703,栃木ブレックス,UTSUNOMIYA BREX 宇都宮ブレックス,2017-18,B1,60,34,26,60,61,0,match,0,not_needed,0,not_needed,https://www.bleague.jp/club_detail/?TeamID=703,ok,,2026-08-20T10:46:04.632705+00:00
703,栃木ブレックス,UTSUNOMIYA BREX 宇都宮ブレックス,2016-17,B1,60,46,14,60,66,0,match,0,not_needed,0,not_needed,https://www.bleague.jp/club_detail/?TeamID=703,ok,,2026-08-20T10:46:04.632705+00:00
704,千葉ジェッツ,CHIBA JETS 千葉ジェッツ,2025-26,B1,60,42,18,60,65,0,match,0,not_needed,0,not_needed,https://www.bleague.jp/club_detail/?TeamID=704,ok,,2026-08-20T10:46:04.632705+00:00
704,千葉ジェッツ,CHIBA JETS 千葉ジェッツ,2024-25,B1,60,42,18,59,64,-1,count_diff,1,candidate_complete,0,covered,https://www.bleague.jp/club_detail/?TeamID=704,ok,,2026-08-20T10:46:04.632705+00:00
704,千葉ジェッツ,CHIBA JETS 千葉ジェッツ,2023-24,B1,60,35,25,59,65,-1,count_diff,1,candidate_complete,0,covered,https://www.bleague.jp/club_detail/?TeamID=704,ok,,2026-08-20T10:46:04.632705+00:00
704,千葉ジェッツ,CHIBA JETS 千葉ジェッツ,2022-23,B1,60,53,7,60,67,0,match,0,not_needed,0,not_needed,https://www.bleague.jp/club_detail/?TeamID=704,ok,,2026-08-20T10:46:04.632705+00:00
704,千葉ジェッツ,CHIBA JETS 千葉ジェッツ,2021-22,B1,45,35,10,45,47,0,match,0,not_needed,0,not_needed,https://www.bleague.jp/club_detail/?TeamID=704,ok,,2026-08-20T10:46:04.632705+00:00
704,千葉ジェッツ,CHIBA JETS 千葉ジェッツ,2020-21,B1,57,43,14,57,64,0,match,0,not_needed,0,not_needed,https://www.bleague.jp/club_detail/?TeamID=704,ok,,2026-08-20T10:46:04.632705+00:00
704,千葉ジェッツ,CHIBA JETS 千葉ジェッツ,2019-20,B1,40,28,12,40,40,0,match,0,not_needed,0,not_needed,https://www.bleague.jp/club_detail/?TeamID=704,ok,,2026-08-20T10:46:04.632705+00:00
704,千葉ジェッツ,CHIBA JETS 千葉ジェッツ,2018-19,B1,60,52,8,60,65,0,match,0,not_needed,0,not_needed,https://www.bleague.jp/club_detail/?TeamID=704,ok,,2026-08-20T10:46:04.632705+00:00
704,千葉ジェッツ,CHIBA JETS 千葉ジェッツ,2017-18,B1,60,46,14,58,64,-2,count_diff,2,candidate_complete,0,covered,https://www.bleague.jp/club_detail/?TeamID=704,ok,,2026-08-20T10:46:04.632705+00:00
704,千葉ジェッツ,CHIBA JETS 千葉ジェッツ,2016-17,B1,60,44,16,60,62,0,match,0,not_needed,0,not_needed,https://www.bleague.jp/club_detail/?TeamID=704,ok,,2026-08-20T10:46:04.632705+00:00
706,アルバルク東京,ALVARK TOKYO アルバルク東京,2025-26,B1,60,41,19,60,62,0,match,0,not_needed,0,not_needed,https://www.bleague.jp/club_detail/?TeamID=706,ok,,2026-08-20T10:46:04.632705+00:00
706,アルバルク東京,ALVARK TOKYO アルバルク東京,2024-25,B1,60,44,16,60,62,0,match,0,not_needed,0,not_needed,https://www.bleague.jp/club_detail/?TeamID=706,ok,,2026-08-20T10:46:04.632705+00:00
706,アルバルク東京,ALVARK TOKYO アルバルク東京,2023-24,B1,60,48,12,58,61,-2,count_diff,2,candidate_complete,0,covered,https://www.bleague.jp/club_detail/?TeamID=706,ok,,2026-08-20T10:46:04.632705+00:00
706,アルバルク東京,ALVARK TOKYO アルバルク東京,2022-23,B1,60,42,18,60,65,0,match,0,not_needed,0,not_needed,https://www.bleague.jp/club_detail/?TeamID=706,ok,,2026-08-20T10:46:04.632705+00:00
706,アルバルク東京,ALVARK TOKYO アルバルク東京,2021-22,B1,53,39,14,52,55,-1,count_diff,1,candidate_complete,0,covered,https://www.bleague.jp/club_detail/?TeamID=706,ok,,2026-08-20T10:46:04.632705+00:00
706,アルバルク東京,ALVARK TOKYO アルバルク東京,2020-21,B1,56,32,24,56,56,0,match,0,not_needed,0,not_needed,https://www.bleague.jp/club_detail/?TeamID=706,ok,,2026-08-20T10:46:04.632705+00:00
706,アルバルク東京,ALVARK TOKYO アルバルク東京,2019-20,B1,41,32,9,41,41,0,match,0,not_needed,0,not_needed,https://www.bleague.jp/club_detail/?TeamID=706,ok,,2026-08-20T10:46:04.632705+00:00
706,アルバルク東京,ALVARK TOKYO アルバルク東京,2018-19,B1,60,44,16,60,66,0,match,0,not_needed,0,not_needed,https://www.bleague.jp/club_detail/?TeamID=706,ok,,2026-08-20T10:46:04.632705+00:00
706,アルバルク東京,ALVARK TOKYO アルバルク東京,2017-18,B1,60,44,16,59,64,-1,count_diff,1,candidate_complete,0,covered,https://www.bleague.jp/club_detail/?TeamID=706,ok,,2026-08-20T10:46:04.632705+00:00
706,アルバルク東京,ALVARK TOKYO アルバルク東京,2016-17,B1,60,44,16,60,65,0,match,0,not_needed,0,not_needed,https://www.bleague.jp/club_detail/?TeamID=706,ok,,2026-08-20T10:46:04.632705+00:00
712,茨城ロボッツ,IBARAKI ROBOTS 茨城ロボッツ,2025-26,B1,60,19,41,60,60,0,match,0,not_needed,0,not_needed,https://www.bleague.jp/club_detail/?TeamID=712,ok,,2026-08-20T10:46:04.632705+00:00
712,茨城ロボッツ,IBARAKI ROBOTS 茨城ロボッツ,2024-25,B1,60,15,45,60,60,0,match,0,not_needed,0,not_needed,https://www.bleague.jp/club_detail/?TeamID=712,ok,,2026-08-20T10:46:04.632705+00:00
712,茨城ロボッツ,IBARAKI ROBOTS 茨城ロボッツ,2023-24,B1,60,12,48,60,60,0,match,0,not_needed,0,not_needed,https://www.bleague.jp/club_detail/?TeamID=712,ok,,2026-08-20T10:46:04.632705+00:00
712,茨城ロボッツ,IBARAKI ROBOTS 茨城ロボッツ,2022-23,B1,60,23,37,60,60,0,match,0,not_needed,0,not_needed,https://www.bleague.jp/club_detail/?TeamID=712,ok,,2026-08-20T10:46:04.632705+00:00
712,茨城ロボッツ,IBARAKI ROBOTS 茨城ロボッツ,2021-22,B1,54,16,38,54,54,0,match,0,not_needed,0,not_needed,https://www.bleague.jp/club_detail/?TeamID=712,ok,,2026-08-20T10:46:04.632705+00:00
713,群馬クレインサンダーズ,GUNMA CRANE THUNDERS 群馬クレインサンダーズ,2025-26,B1,60,42,18,60,63,0,match,0,not_needed,0,not_needed,https://www.bleague.jp/club_detail/?TeamID=713,ok,,2026-08-20T10:46:04.632705+00:00
713,群馬クレインサンダーズ,GUNMA CRANE THUNDERS 群馬クレインサンダーズ,2024-25,B1,60,39,21,59,61,-1,count_diff,1,candidate_complete,0,covered,https://www.bleague.jp/club_detail/?TeamID=713,ok,,2026-08-20T10:46:04.632705+00:00
713,群馬クレインサンダーズ,GUNMA CRANE THUNDERS 群馬クレインサンダーズ,2023-24,B1,60,31,29,58,58,-2,count_diff,2,candidate_complete,0,covered,https://www.bleague.jp/club_detail/?TeamID=713,ok,,2026-08-20T10:46:04.632705+00:00
713,群馬クレインサンダーズ,GUNMA CRANE THUNDERS 群馬クレインサンダーズ,2022-23,B1,60,29,31,58,58,-2,count_diff,2,candidate_complete,0,covered,https://www.bleague.jp/club_detail/?TeamID=713,ok,,2026-08-20T10:46:04.632705+00:00
713,群馬クレインサンダーズ,GUNMA CRANE THUNDERS 群馬クレインサンダーズ,2021-22,B1,55,25,30,55,55,0,match,0,not_needed,0,not_needed,https://www.bleague.jp/club_detail/?TeamID=713,ok,,2026-08-20T10:46:04.632705+00:00
716,信州ブレイブウォリアーズ,SHINSHU BRAVE WARRIORS 信州ブレイブウォリアーズ,2023-24,B1,60,10,50,60,60,0,match,0,not_needed,0,not_needed,https://www.bleague.jp/club_detail/?TeamID=716,ok,,2026-08-20T10:46:04.632705+00:00
716,信州ブレイブウォリアーズ,SHINSHU BRAVE WARRIORS 信州ブレイブウォリアーズ,2022-23,B1,59,29,30,59,59,0,match,0,not_needed,0,not_needed,https://www.bleague.jp/club_detail/?TeamID=716,ok,,2026-08-20T10:46:04.632705+00:00
716,信州ブレイブウォリアーズ,SHINSHU BRAVE WARRIORS 信州ブレイブウォリアーズ,2021-22,B1,54,28,26,54,54,0,match,0,not_needed,0,not_needed,https://www.bleague.jp/club_detail/?TeamID=716,ok,,2026-08-20T10:46:04.632705+00:00
716,信州ブレイブウォリアーズ,SHINSHU BRAVE WARRIORS 信州ブレイブウォリアーズ,2020-21,B1,54,20,34,54,54,0,match,0,not_needed,0,not_needed,https://www.bleague.jp/club_detail/?TeamID=716,ok,,2026-08-20T10:46:04.632705+00:00
717,ファイティングイーグルス名古屋,FIGHTING EAGLES NAGOYA ファイティングイーグルス名古屋,2025-26,B1,60,18,42,60,60,0,match,0,not_needed,0,not_needed,https://www.bleague.jp/club_detail/?TeamID=717,ok,,2026-08-20T10:46:04.632705+00:00
717,ファイティングイーグルス名古屋,FIGHTING EAGLES NAGOYA ファイティングイーグルス名古屋,2024-25,B1,60,30,30,59,59,-1,count_diff,1,candidate_complete,0,covered,https://www.bleague.jp/club_detail/?TeamID=717,ok,,2026-08-20T10:46:04.632705+00:00
717,ファイティングイーグルス名古屋,FIGHTING EAGLES NAGOYA ファイティングイーグルス名古屋,2023-24,B1,60,33,27,59,59,-1,count_diff,1,candidate_complete,0,covered,https://www.bleague.jp/club_detail/?TeamID=717,ok,,2026-08-20T10:46:04.632705+00:00
717,ファイティングイーグルス名古屋,FIGHTING EAGLES NAGOYA ファイティングイーグルス名古屋,2022-23,B1,60,22,38,60,60,0,match,0,not_needed,0,not_needed,https://www.bleague.jp/club_detail/?TeamID=717,ok,,2026-08-20T10:46:04.632705+00:00
718,西宮ストークス,KOBE STORKS 神戸ストークス,2017-18,B1,60,12,48,59,59,-1,count_diff,1,candidate_complete,0,covered,https://www.bleague.jp/club_detail/?TeamID=718,ok,,2026-08-20T10:46:04.632705+00:00
720,島根スサノオマジック,SHIMANE SUSANOO MAGIC 島根スサノオマジック,2025-26,B1,60,28,32,60,60,0,match,0,not_needed,0,not_needed,https://www.bleague.jp/club_detail/?TeamID=720,ok,,2026-08-20T10:46:04.632705+00:00
720,島根スサノオマジック,SHIMANE SUSANOO MAGIC 島根スサノオマジック,2024-25,B1,60,37,23,58,60,-2,count_diff,2,candidate_complete,0,covered,https://www.bleague.jp/club_detail/?TeamID=720,ok,,2026-08-20T10:46:04.632705+00:00
720,島根スサノオマジック,SHIMANE SUSANOO MAGIC 島根スサノオマジック,2023-24,B1,60,32,28,59,59,-1,count_diff,1,candidate_complete,0,covered,https://www.bleague.jp/club_detail/?TeamID=720,ok,,2026-08-20T10:46:04.632705+00:00
720,島根スサノオマジック,SHIMANE SUSANOO MAGIC 島根スサノオマジック,2022-23,B1,60,48,12,60,63,0,match,0,not_needed,0,not_needed,https://www.bleague.jp/club_detail/?TeamID=720,ok,,2026-08-20T10:46:04.632705+00:00
720,島根スサノオマジック,SHIMANE SUSANOO MAGIC 島根スサノオマジック,2021-22,B1,55,40,15,55,60,0,match,0,not_needed,0,not_needed,https://www.bleague.jp/club_detail/?TeamID=720,ok,,2026-08-20T10:46:04.632705+00:00
720,島根スサノオマジック,SHIMANE SUSANOO MAGIC 島根スサノオマジック,2020-21,B1,60,28,32,60,60,0,match,0,not_needed,0,not_needed,https://www.bleague.jp/club_detail/?TeamID=720,ok,,2026-08-20T10:46:04.632705+00:00
720,島根スサノオマジック,SHIMANE SUSANOO MAGIC 島根スサノオマジック,2019-20,B1,41,11,30,41,41,0,match,0,not_needed,0,not_needed,https://www.bleague.jp/club_detail/?TeamID=720,ok,,2026-08-20T10:46:04.632705+00:00
720,島根スサノオマジック,SHIMANE SUSANOO MAGIC 島根スサノオマジック,2017-18,B1,60,11,49,60,60,0,match,0,not_needed,0,not_needed,https://www.bleague.jp/club_detail/?TeamID=720,ok,,2026-08-20T10:46:04.632705+00:00
721,広島ドラゴンフライズ,HIROSHIMA DRAGONFLIES 広島ドラゴンフライズ,2025-26,B1,60,31,29,60,60,0,match,0,not_needed,0,not_needed,https://www.bleague.jp/club_detail/?TeamID=721,ok,,2026-08-20T10:46:04.632705+00:00
721,広島ドラゴンフライズ,HIROSHIMA DRAGONFLIES 広島ドラゴンフライズ,2024-25,B1,60,28,32,58,58,-2,count_diff,2,candidate_complete,0,covered,https://www.bleague.jp/club_detail/?TeamID=721,ok,,2026-08-20T10:46:04.632705+00:00
721,広島ドラゴンフライズ,HIROSHIMA DRAGONFLIES 広島ドラゴンフライズ,2023-24,B1,60,36,24,59,67,-1,count_diff,1,candidate_complete,0,covered,https://www.bleague.jp/club_detail/?TeamID=721,ok,,2026-08-20T10:46:04.632705+00:00
721,広島ドラゴンフライズ,HIROSHIMA DRAGONFLIES 広島ドラゴンフライズ,2022-23,B1,59,41,18,59,62,0,match,0,not_needed,0,not_needed,https://www.bleague.jp/club_detail/?TeamID=721,ok,,2026-08-20T10:46:04.632705+00:00
721,広島ドラゴンフライズ,HIROSHIMA DRAGONFLIES 広島ドラゴンフライズ,2021-22,B1,57,29,28,57,57,0,match,0,not_needed,0,not_needed,https://www.bleague.jp/club_detail/?TeamID=721,ok,,2026-08-20T10:46:04.632705+00:00
721,広島ドラゴンフライズ,HIROSHIMA DRAGONFLIES 広島ドラゴンフライズ,2020-21,B1,55,9,46,55,55,0,match,0,not_needed,0,not_needed,https://www.bleague.jp/club_detail/?TeamID=721,ok,,2026-08-20T10:46:04.632705+00:00
726,サンロッカーズ渋谷,TOKYO SUNROCKERS 東京サンロッカーズ,2025-26,B1,60,25,35,60,60,0,match,0,not_needed,0,not_needed,https://www.bleague.jp/club_detail/?TeamID=726,ok,,2026-08-20T10:46:04.632705+00:00
726,サンロッカーズ渋谷,TOKYO SUNROCKERS 東京サンロッカーズ,2024-25,B1,60,30,30,58,58,-2,count_diff,2,candidate_complete,0,covered,https://www.bleague.jp/club_detail/?TeamID=726,ok,,2026-08-20T10:46:04.632705+00:00
726,サンロッカーズ渋谷,TOKYO SUNROCKERS 東京サンロッカーズ,2023-24,B1,60,35,25,58,58,-2,count_diff,2,candidate_complete,0,covered,https://www.bleague.jp/club_detail/?TeamID=726,ok,,2026-08-20T10:46:04.632705+00:00
726,サンロッカーズ渋谷,TOKYO SUNROCKERS 東京サンロッカーズ,2022-23,B1,60,28,32,60,60,0,match,0,not_needed,0,not_needed,https://www.bleague.jp/club_detail/?TeamID=726,ok,,2026-08-20T10:46:04.632705+00:00
726,サンロッカーズ渋谷,TOKYO SUNROCKERS 東京サンロッカーズ,2021-22,B1,59,33,26,59,59,0,match,0,not_needed,0,not_needed,https://www.bleague.jp/club_detail/?TeamID=726,ok,,2026-08-20T10:46:04.632705+00:00
726,サンロッカーズ渋谷,TOKYO SUNROCKERS 東京サンロッカーズ,2020-21,B1,60,38,22,60,62,0,match,0,not_needed,0,not_needed,https://www.bleague.jp/club_detail/?TeamID=726,ok,,2026-08-20T10:46:04.632705+00:00
726,サンロッカーズ渋谷,TOKYO SUNROCKERS 東京サンロッカーズ,2019-20,B1,41,27,14,41,41,0,match,0,not_needed,0,not_needed,https://www.bleague.jp/club_detail/?TeamID=726,ok,,2026-08-20T10:46:04.632705+00:00
726,サンロッカーズ渋谷,TOKYO SUNROCKERS 東京サンロッカーズ,2018-19,B1,60,27,33,59,59,-1,count_diff,1,candidate_complete,0,covered,https://www.bleague.jp/club_detail/?TeamID=726,ok,,2026-08-20T10:46:04.632705+00:00
726,サンロッカーズ渋谷,TOKYO SUNROCKERS 東京サンロッカーズ,2017-18,B1,60,28,32,60,60,0,match,0,not_needed,0,not_needed,https://www.bleague.jp/club_detail/?TeamID=726,ok,,2026-08-20T10:46:04.632705+00:00
726,サンロッカーズ渋谷,TOKYO SUNROCKERS 東京サンロッカーズ,2016-17,B1,60,32,28,60,62,0,match,0,not_needed,0,not_needed,https://www.bleague.jp/club_detail/?TeamID=726,ok,,2026-08-20T10:46:04.632705+00:00
727,川崎ブレイブサンダース,KAWASAKI BRAVE THUNDERS 川崎ブレイブサンダース,2025-26,B1,60,16,44,60,60,0,match,0,not_needed,0,not_needed,https://www.bleague.jp/club_detail/?TeamID=727,ok,,2026-08-20T10:46:04.632705+00:00
727,川崎ブレイブサンダース,KAWASAKI BRAVE THUNDERS 川崎ブレイブサンダース,2024-25,B1,60,18,42,58,58,-2,count_diff,2,candidate_complete,0,covered,https://www.bleague.jp/club_detail/?TeamID=727,ok,,2026-08-20T10:46:04.632705+00:00
727,川崎ブレイブサンダース,KAWASAKI BRAVE THUNDERS 川崎ブレイブサンダース,2023-24,B1,60,33,27,58,58,-2,count_diff,2,candidate_complete,0,covered,https://www.bleague.jp/club_detail/?TeamID=727,ok,,2026-08-20T10:46:04.632705+00:00
727,川崎ブレイブサンダース,KAWASAKI BRAVE THUNDERS 川崎ブレイブサンダース,2022-23,B1,60,40,20,59,61,-1,count_diff,1,candidate_complete,0,covered,https://www.bleague.jp/club_detail/?TeamID=727,ok,,2026-08-20T10:46:04.632705+00:00
727,川崎ブレイブサンダース,KAWASAKI BRAVE THUNDERS 川崎ブレイブサンダース,2021-22,B1,55,42,13,55,59,0,match,0,not_needed,0,not_needed,https://www.bleague.jp/club_detail/?TeamID=727,ok,,2026-08-20T10:46:04.632705+00:00
727,川崎ブレイブサンダース,KAWASAKI BRAVE THUNDERS 川崎ブレイブサンダース,2020-21,B1,59,43,16,59,63,0,match,0,not_needed,0,not_needed,https://www.bleague.jp/club_detail/?TeamID=727,ok,,2026-08-20T10:46:04.632705+00:00
727,川崎ブレイブサンダース,KAWASAKI BRAVE THUNDERS 川崎ブレイブサンダース,2019-20,B1,40,31,9,40,40,0,match,0,not_needed,0,not_needed,https://www.bleague.jp/club_detail/?TeamID=727,ok,,2026-08-20T10:46:04.632705+00:00
727,川崎ブレイブサンダース,KAWASAKI BRAVE THUNDERS 川崎ブレイブサンダース,2018-19,B1,60,40,20,59,61,-1,count_diff,1,candidate_complete,0,covered,https://www.bleague.jp/club_detail/?TeamID=727,ok,,2026-08-20T10:46:04.632705+00:00
727,川崎ブレイブサンダース,KAWASAKI BRAVE THUNDERS 川崎ブレイブサンダース,2017-18,B1,60,41,19,60,63,0,match,0,not_needed,0,not_needed,https://www.bleague.jp/club_detail/?TeamID=727,ok,,2026-08-20T10:46:04.632705+00:00
727,川崎ブレイブサンダース,KAWASAKI BRAVE THUNDERS 川崎ブレイブサンダース,2016-17,B1,60,49,11,60,67,0,match,0,not_needed,0,not_needed,https://www.bleague.jp/club_detail/?TeamID=727,ok,,2026-08-20T10:46:04.632705+00:00
728,シーホース三河,SEAHORSES MIKAWA シーホース三河,2025-26,B1,60,43,17,60,62,0,match,0,not_needed,0,not_needed,https://www.bleague.jp/club_detail/?TeamID=728,ok,,2026-08-20T10:46:04.632705+00:00
728,シーホース三河,SEAHORSES MIKAWA シーホース三河,2024-25,B1,60,39,21,60,62,0,match,0,not_needed,0,not_needed,https://www.bleague.jp/club_detail/?TeamID=728,ok,,2026-08-20T10:46:04.632705+00:00
728,シーホース三河,SEAHORSES MIKAWA シーホース三河,2023-24,B1,60,36,24,60,62,0,match,0,not_needed,0,not_needed,https://www.bleague.jp/club_detail/?TeamID=728,ok,,2026-08-20T10:46:04.632705+00:00
728,シーホース三河,SEAHORSES MIKAWA シーホース三河,2022-23,B1,60,27,33,58,58,-2,count_diff,2,candidate_complete,0,covered,https://www.bleague.jp/club_detail/?TeamID=728,ok,,2026-08-20T10:46:04.632705+00:00
728,シーホース三河,SEAHORSES MIKAWA シーホース三河,2021-22,B1,53,30,23,53,53,0,match,0,not_needed,0,not_needed,https://www.bleague.jp/club_detail/?TeamID=728,ok,,2026-08-20T10:46:04.632705+00:00
728,シーホース三河,SEAHORSES MIKAWA シーホース三河,2020-21,B1,55,34,21,55,57,0,match,0,not_needed,0,not_needed,https://www.bleague.jp/club_detail/?TeamID=728,ok,,2026-08-20T10:46:04.632705+00:00
728,シーホース三河,SEAHORSES MIKAWA シーホース三河,2019-20,B1,41,18,23,41,41,0,match,0,not_needed,0,not_needed,https://www.bleague.jp/club_detail/?TeamID=728,ok,,2026-08-20T10:46:04.632705+00:00
728,シーホース三河,SEAHORSES MIKAWA シーホース三河,2018-19,B1,60,31,29,60,60,0,match,0,not_needed,0,not_needed,https://www.bleague.jp/club_detail/?TeamID=728,ok,,2026-08-20T10:46:04.632705+00:00
728,シーホース三河,SEAHORSES MIKAWA シーホース三河,2017-18,B1,60,48,12,60,63,0,match,0,not_needed,0,not_needed,https://www.bleague.jp/club_detail/?TeamID=728,ok,,2026-08-20T10:46:04.632705+00:00
728,シーホース三河,SEAHORSES MIKAWA シーホース三河,2016-17,B1,60,46,14,60,65,0,match,0,not_needed,0,not_needed,https://www.bleague.jp/club_detail/?TeamID=728,ok,,2026-08-20T10:46:04.632705+00:00
729,名古屋ダイヤモンドドルフィンズ,NAGOYA DIAMOND DOLPHINS 名古屋ダイヤモンドドルフィンズ,2025-26,B1,60,41,19,60,64,0,match,0,not_needed,0,not_needed,https://www.bleague.jp/club_detail/?TeamID=729,ok,,2026-08-20T10:46:04.632705+00:00
729,名古屋ダイヤモンドドルフィンズ,NAGOYA DIAMOND DOLPHINS 名古屋ダイヤモンドドルフィンズ,2024-25,B1,60,35,25,58,58,-2,count_diff,2,candidate_complete,0,covered,https://www.bleague.jp/club_detail/?TeamID=729,ok,,2026-08-20T10:46:04.632705+00:00
729,名古屋ダイヤモンドドルフィンズ,NAGOYA DIAMOND DOLPHINS 名古屋ダイヤモンドドルフィンズ,2023-24,B1,60,41,19,59,64,-1,count_diff,1,candidate_complete,0,covered,https://www.bleague.jp/club_detail/?TeamID=729,ok,,2026-08-20T10:46:04.632705+00:00
729,名古屋ダイヤモンドドルフィンズ,NAGOYA DIAMOND DOLPHINS 名古屋ダイヤモンドドルフィンズ,2022-23,B1,59,43,16,58,60,-1,count_diff,1,candidate_complete,0,covered,https://www.bleague.jp/club_detail/?TeamID=729,ok,,2026-08-20T10:46:04.632705+00:00
729,名古屋ダイヤモンドドルフィンズ,NAGOYA DIAMOND DOLPHINS 名古屋ダイヤモンドドルフィンズ,2021-22,B1,49,34,15,49,51,0,match,0,not_needed,0,not_needed,https://www.bleague.jp/club_detail/?TeamID=729,ok,,2026-08-20T10:46:04.632705+00:00
729,名古屋ダイヤモンドドルフィンズ,NAGOYA DIAMOND DOLPHINS 名古屋ダイヤモンドドルフィンズ,2020-21,B1,56,32,24,56,56,0,match,0,not_needed,0,not_needed,https://www.bleague.jp/club_detail/?TeamID=729,ok,,2026-08-20T10:46:04.632705+00:00
729,名古屋ダイヤモンドドルフィンズ,NAGOYA DIAMOND DOLPHINS 名古屋ダイヤモンドドルフィンズ,2019-20,B1,41,17,24,41,41,0,match,0,not_needed,0,not_needed,https://www.bleague.jp/club_detail/?TeamID=729,ok,,2026-08-20T10:46:04.632705+00:00
729,名古屋ダイヤモンドドルフィンズ,NAGOYA DIAMOND DOLPHINS 名古屋ダイヤモンドドルフィンズ,2018-19,B1,60,33,27,60,63,0,match,0,not_needed,0,not_needed,https://www.bleague.jp/club_detail/?TeamID=729,ok,,2026-08-20T10:46:04.632705+00:00
729,名古屋ダイヤモンドドルフィンズ,NAGOYA DIAMOND DOLPHINS 名古屋ダイヤモンドドルフィンズ,2017-18,B1,60,31,29,60,63,0,match,0,not_needed,0,not_needed,https://www.bleague.jp/club_detail/?TeamID=729,ok,,2026-08-20T10:46:04.632705+00:00
729,名古屋ダイヤモンドドルフィンズ,NAGOYA DIAMOND DOLPHINS 名古屋ダイヤモンドドルフィンズ,2016-17,B1,60,27,33,60,60,0,match,0,not_needed,0,not_needed,https://www.bleague.jp/club_detail/?TeamID=729,ok,,2026-08-20T10:46:04.632705+00:00
745,越谷アルファーズ,KOSHIGAYA ALPHAS 越谷アルファーズ,2025-26,B1,60,21,39,60,60,0,match,0,not_needed,0,not_needed,https://www.bleague.jp/club_detail/?TeamID=745,ok,,2026-08-20T10:46:04.632705+00:00
745,越谷アルファーズ,KOSHIGAYA ALPHAS 越谷アルファーズ,2024-25,B1,60,19,41,59,59,-1,count_diff,1,candidate_complete,0,covered,https://www.bleague.jp/club_detail/?TeamID=745,ok,,2026-08-20T10:46:04.632705+00:00
753,ライジングゼファー福岡,RIZING ZEPHYR FUKUOKA ライジングゼファー福岡,2018-19,B1,60,12,48,59,59,-1,count_diff,1,candidate_complete,0,covered,https://www.bleague.jp/club_detail/?TeamID=753,ok,,2026-08-20T10:46:04.632705+00:00
