player_id,old_player_id,player_name_j,player_name_e,nationality,player_slot_category,last_seen_team_id,last_seen_jersey_number,created_at,updated_at
18396,,デイビッド・ドブラス,David Doblas,スペイン,外国籍選手,698,13,2026-03-05 23:32:08.441358+00,2026-03-05 23:32:08.441358+00
33032,,ジャスティン・ハーパー,Justin Harper,アメリカ合衆国,外国籍選手,717,32,2026-02-24 05:57:28.719254+00,2026-02-24 05:57:28.719254+00
51000410,,マーク・スミス,Mark Smith,アメリカ合衆国,外国籍選手,2488,13,2026-02-24 05:57:28.719254+00,2026-02-24 05:57:28.719254+00
51000100,,マックス・ヒサタケ,Max Hisatake,アメリカ合衆国,外国籍選手,712,5,2026-03-05 13:29:27.395803+00,2026-03-05 13:29:27.395803+00
51000480,,タナー・グローヴス,Tanner Groves,アメリカ合衆国,外国籍選手,2488,22,2026-03-03 08:46:17.378534+00,2026-03-03 08:46:17.378534+00
51000292,,トーマス・ウィンブッシュ,Thomas Wimbush,アメリカ合衆国,外国籍選手,727,20,2026-03-03 08:46:17.378534+00,2026-03-03 08:46:17.378534+00
40156,,スティーブン・グリーン,Steven Green,アメリカ合衆国,外国籍選手,695,7,2026-03-05 23:41:53.163476+00,2026-03-05 23:41:53.163476+00
51000308,,ロン･ジェイ･アバリエントス,Rhon Jhay Abarrientos,フィリピン,外国籍選手,716,0,2026-03-05 13:29:27.395803+00,2026-03-05 13:29:27.395803+00
32992,,ジェームズ・マイケル・マカドゥ,James Michael McAdoo,アメリカ合衆国,外国籍選手,726,14,2026-02-24 05:57:28.719254+00,2026-02-24 05:57:28.719254+00
51000399,,ザイラン・チータム,Zylan Cheatham,アメリカ合衆国,外国籍選手,729,45,2026-02-24 05:57:28.719254+00,2026-02-24 05:57:28.719254+00
5100000081,,アイザック・フォトゥ,Isaac Fotu,ニュージーランド,外国籍選手,703,42,2026-02-24 05:57:28.719254+00,2026-02-24 05:57:28.719254+00
26891,,ニック・パーキンズ,Nick Perkins,アメリカ合衆国,外国籍選手,2488,33,2026-03-05 13:29:27.395803+00,2026-03-05 13:29:27.395803+00
18166,,マーキース・カミングス,Markeith Cummings,アメリカ合衆国,外国籍選手,698,2,2026-02-24 05:57:28.719254+00,2026-02-24 05:57:28.719254+00
26886,,マット・ボンズ,Matt Bonds,アメリカ合衆国,外国籍選手,2488,5,2026-02-24 05:57:28.719254+00,2026-02-24 05:57:28.719254+00
51000304,,ジャレル・ブラントリー,Jarrell Brantley,アメリカ合衆国,外国籍選手,2488,7,2026-02-24 05:57:28.719254+00,2026-02-24 05:57:28.719254+00
26917,,テレンス・キング,Terrance King,アメリカ合衆国,外国籍選手,698,23,2026-03-05 23:32:08.441358+00,2026-03-05 23:32:08.441358+00
51000382,,游 艾喆,Ai-Che Yu,チャイニーズタイペイ,外国籍選手,698,7,2026-02-24 05:57:28.719254+00,2026-02-24 05:57:28.719254+00
9332,,ナイジェル・スパイクス,Nigel Spikes,アメリカ合衆国,外国籍選手,696,11,2026-03-05 23:42:32.377315+00,2026-03-05 23:42:32.377315+00
12631,,ジョシュ・スコット,Josh Scott,アメリカ合衆国,外国籍選手,703,40,2026-03-05 13:29:27.395803+00,2026-03-05 13:29:27.395803+00
20033,,セドリック・シモンズ,Cedric Simmons,アメリカ合衆国,外国籍選手,728,22,2026-03-05 23:32:08.441358+00,2026-03-05 23:32:08.441358+00
51000259,,カイ・ソット,Kai Sotto,フィリピン,外国籍選手,721,11,2026-02-24 05:57:28.719254+00,2026-02-24 05:57:28.719254+00
51000429,,マイケル・オウ,Michael Ou,中国,外国籍選手,704,7,2026-02-24 05:57:28.719254+00,2026-02-24 05:57:28.719254+00
51000146,,ケレム・カンター,Kerem Kanter,トルコ,外国籍選手,693,11,2026-03-05 23:27:06.34015+00,2026-03-05 23:27:06.34015+00
51000408,,曾 祥鈞,Hsiang-chun Tseng,チャイニーズタイペイ,外国籍選手,717,88,2026-02-24 05:57:28.719254+00,2026-02-24 05:57:28.719254+00
51000165,,カイル・オクイン,Kyle O'Quinn,アメリカ合衆国,外国籍選手,697,9,2026-03-05 23:27:06.34015+00,2026-03-05 23:27:06.34015+00
51000191,,ケルヴィン・マーティン,Kelvin Martin,アメリカ合衆国,外国籍選手,698,1,2026-03-05 23:27:06.34015+00,2026-03-05 23:27:06.34015+00
32997,,エリック・マーフィー,Erik Murphy,アメリカ合衆国,外国籍選手,727,1,2026-03-05 13:29:27.395803+00,2026-03-05 13:29:27.395803+00
51000286,,ジャスティン・マッツ,Justyn Mutts,アメリカ合衆国,外国籍選手,716,25,2026-03-05 13:29:27.395803+00,2026-03-05 13:29:27.395803+00
46920,,ジュリアン・デュクリー,Julien Ducree,アメリカ合衆国,外国籍選手,698,54,2026-03-04 03:25:39.414535+00,2026-03-04 03:25:39.414535+00
51000416,,デイビッド・ヌワバ,David Nwaba,アメリカ合衆国,外国籍選手,697,2,2026-02-24 05:57:28.719254+00,2026-02-24 05:57:28.719254+00
5100000079,,チェイス・フィーラー,Chase Fieler,アメリカ合衆国,外国籍選手,1638,60,2026-03-03 07:36:27.495907+00,2026-03-03 07:36:27.495907+00
51000161,,ジェイコブ・ワイリー,Jacob Wiley,アメリカ合衆国,外国籍選手,698,0,2026-03-05 23:27:06.34015+00,2026-03-05 23:27:06.34015+00
51000164,,マイケル・ヤングジュニア,Michael Young Jr,アメリカ合衆国,外国籍選手,727,2,2026-03-05 23:27:06.34015+00,2026-03-05 23:27:06.34015+00
33042,,デクアン・ジョーンズ,DeQuan Jones,アメリカ合衆国,外国籍選手,698,18,2026-03-05 23:42:32.377315+00,2026-03-05 23:42:32.377315+00
33091,,カイル・コリンズワース,Kyle Collinsworth,アメリカ合衆国,外国籍選手,697,55,2026-03-05 23:27:06.34015+00,2026-03-05 23:27:06.34015+00
45873,,ジョン・パトリック,John Patrick,アメリカ合衆国,外国籍選手,3012,,2026-03-05 13:32:07.128183+00,2026-03-05 13:32:07.128183+00
45847,,ルーズベルト・アダムス,Roosevelt Adams,フィリピン,外国籍選手,3013,0,2026-03-05 13:32:07.128183+00,2026-03-05 13:32:07.128183+00
5100000069,45848,レイ・パークスジュニア,Ray Parks Jr.,フィリピン,外国籍選手,3013,1,2026-03-05 13:32:07.128183+00,2026-03-05 13:32:07.128183+00
51000102,45852,ドワイト・ラモス,Dwight Ramos,フィリピン,外国籍選手,3013,2,2026-03-05 13:32:07.128183+00,2026-03-05 13:32:07.128183+00
51000176,,ジャスティン・コブス,Justin Cobbs,アメリカ合衆国,外国籍選手,706,1,2026-03-05 23:27:06.34015+00,2026-03-05 23:27:06.34015+00
51000306,45854,チャン ミンクク,Min kug Chang,韓国,外国籍選手,3013,3,2026-03-05 13:32:07.128183+00,2026-03-05 13:32:07.128183+00
51000315,,ロバート・ベイカー,Robert Baker,アメリカ合衆国,外国籍選手,693,8,2026-03-05 13:29:27.395803+00,2026-03-05 13:29:27.395803+00
9382,,ジェロウム・ティルマン,Jerome Tillman,アメリカ合衆国,外国籍選手,693,33,2026-03-05 13:31:15.258153+00,2026-03-05 13:31:15.258153+00
51000324,45858,劉 駿霆,Chun-Ting Liu,中国,外国籍選手,3013,6,2026-03-05 13:32:07.128183+00,2026-03-05 13:32:07.128183+00
51000187,45859,マシュー・ライト,Matthew Wright,フィリピン,外国籍選手,3013,7,2026-03-05 13:32:07.128183+00,2026-03-05 13:32:07.128183+00
51000277,,ロバート・フランクス,Robert Franks,アメリカ合衆国,外国籍選手,729,0,2026-02-24 05:57:28.719254+00,2026-02-24 05:57:28.719254+00
8651,,アンソニー・マクヘンリー,Anthony McHenry,アメリカ合衆国,外国籍選手,716,55,2026-03-05 23:27:06.34015+00,2026-03-05 23:27:06.34015+00
51000175,,モリス・ンドゥール,Maurice Ndour,セネガル,外国籍選手,729,5,2026-03-05 23:27:06.34015+00,2026-03-05 23:27:06.34015+00
51000384,,ガディアガ モハマド アルバシール,Mohammad Al Bachir Gadiaga,チャイニーズタイペイ,外国籍選手,693,0,2026-02-24 05:57:28.719254+00,2026-02-24 05:57:28.719254+00
51000260,,カール・タマヨ,Carl Tamayo,フィリピン,外国籍選手,701,33,2026-03-05 13:29:27.395803+00,2026-03-05 13:29:27.395803+00
51000394,,マイク・コッツァー,Maik Kotsar,エストニア,外国籍選手,694,21,2026-02-24 05:57:28.719254+00,2026-02-24 05:57:28.719254+00
5100000083,,ジェロード・ユトフ,Jarrod Uthoff,アメリカ合衆国,外国籍選手,699,1,2026-03-05 13:29:27.395803+00,2026-03-05 13:29:27.395803+00
51000284,,ベン・ベンティル,Ben Bentil,ガーナ,外国籍選手,713,50,2026-03-05 13:29:27.395803+00,2026-03-05 13:29:27.395803+00
51000413,,ジェハイヴ・フロイド,Jehyve Floyd,アメリカ合衆国,外国籍選手,712,20,2026-02-24 05:57:28.719254+00,2026-02-24 05:57:28.719254+00
51000313,,ジェイク・レイマン,Jake Layman,アメリカ合衆国,外国籍選手,728,10,2026-02-24 05:57:28.719254+00,2026-02-24 05:57:28.719254+00
51000335,,タナー・ライスナー,Paul Tanner Leissner,アメリカ合衆国,外国籍選手,693,15,2026-02-24 05:57:28.719254+00,2026-02-24 05:57:28.719254+00
9383,,ジャスティン・バーレル,Justin Burrell,アメリカ合衆国,外国籍選手,692,24,2026-03-05 23:27:06.34015+00,2026-03-05 23:27:06.34015+00
32989,,LJ・ピーク,L.J. PEAK,アメリカ合衆国,外国籍選手,712,5,2026-02-24 05:57:28.719254+00,2026-02-24 05:57:28.719254+00
5100000041,45861,王 偉嘉,Weijia Wang,中国,外国籍選手,3013,8,2026-03-05 13:32:07.128183+00,2026-03-05 13:32:07.128183+00
51000332,45850,チュアンシン・リュウ,Liu Chuanxing,中国,外国籍選手,3013,12,2026-03-05 13:32:07.128183+00,2026-03-05 13:32:07.128183+00
51000279,,ステイシー・デイヴィス,Stacy Davis,アメリカ合衆国,外国籍選手,699,4,2026-03-05 13:29:27.395803+00,2026-03-05 13:29:27.395803+00
51000561,,デイミアン・ドットソン,Damyean Dotson,アメリカ合衆国,外国籍選手,701,21,2026-03-03 08:46:17.378534+00,2026-03-03 08:46:17.378534+00
51000297,,アーロン・ホワイト,Aaron White,アメリカ合衆国,外国籍選手,728,30,2026-03-03 08:46:17.378534+00,2026-03-03 08:46:17.378534+00
51000531,,ジャレット・カルバー,Jarrett Culver,アメリカ合衆国,外国籍選手,692,8,2026-03-03 08:46:17.378534+00,2026-03-03 08:46:17.378534+00
51000530,,セルジオ・エル ダーウィッチ,Sergio El Darwich,レバノン,外国籍選手,692,9,2026-03-03 08:46:17.378534+00,2026-03-03 08:46:17.378534+00
51000532,,ブーバカー・トゥーレ,Boubacar Toure,セネガル,外国籍選手,692,21,2026-03-03 08:46:17.378534+00,2026-03-03 08:46:17.378534+00
5100000080,,ブランドン・ジャワト,Brandon Jawato,インドネシア,外国籍選手,728,13,2026-03-05 23:27:06.34015+00,2026-03-05 23:27:06.34015+00
51000185,45853,グレゴリー・スローター,Gregory Slaughter,フィリピン,外国籍選手,3013,20,2026-03-05 13:32:07.128183+00,2026-03-05 13:32:07.128183+00
51000260,45855,カール・タマヨ,Carl Tamayo,フィリピン,外国籍選手,3013,33,2026-03-05 13:32:07.128183+00,2026-03-05 13:32:07.128183+00
51000333,45856,シェンゼ・リー,Li Shengzhe,中国,外国籍選手,3013,34,2026-03-05 13:32:07.128183+00,2026-03-05 13:32:07.128183+00
51000314,45857,イ デソン,Daesung Lee,韓国,外国籍選手,3013,43,2026-03-05 13:32:07.128183+00,2026-03-05 13:32:07.128183+00
51000308,45860,ロン･ジェイ･アバリエントス,Rhon Jhay Abarrientos,フィリピン,外国籍選手,3013,77,2026-03-05 13:32:07.128183+00,2026-03-05 13:32:07.128183+00
8651,45872,アンソニー・マクヘンリー,Anthony Mchenry,アメリカ合衆国,外国籍選手,3013,,2026-03-05 13:32:07.128183+00,2026-03-05 13:32:07.128183+00
51000318,,ダラル・ウィリス ジュニア,Darral Willis JR,アメリカ合衆国,外国籍選手,702,21,2026-03-05 13:29:27.395803+00,2026-03-05 13:29:27.395803+00
26913,,デモン・ブルックス,De'mon Brooks,アメリカ合衆国,外国籍選手,702,24,2026-03-05 13:29:27.395803+00,2026-03-05 13:29:27.395803+00
51000158,,ブロック・モータム,Brock Motum,オーストラリア,外国籍選手,702,12,2026-02-24 05:57:28.719254+00,2026-02-24 05:57:28.719254+00
5100000053,,ショーン・ロング,Shawn Long,アメリカ合衆国,外国籍選手,702,21,2026-03-05 13:29:27.395803+00,2026-03-05 13:29:27.395803+00
18430,,グラント・ジェレット,Grant Jerrett,アメリカ合衆国,外国籍選手,703,34,2026-02-24 05:57:28.719254+00,2026-02-24 05:57:28.719254+00
51000301,,エージェー・エドゥ,A.J. Edu,キプロス,外国籍選手,696,15,2026-02-24 05:57:28.719254+00,2026-02-24 05:57:28.719254+00
51000430,,ディー・ジェイ・ホグ,D.J. Hogg,アメリカ合衆国,外国籍選手,704,10,2026-02-24 05:57:28.719254+00,2026-02-24 05:57:28.719254+00
51000269,,アンジェロ・カロイアロ,Angelo Caloiaro,アメリカ合衆国,外国籍選手,700,32,2026-02-24 05:57:28.719254+00,2026-02-24 05:57:28.719254+00
51000270,,イアン・ハマー,Ian Hummer,アメリカ合衆国,外国籍選手,700,34,2026-03-05 13:29:27.395803+00,2026-03-05 13:29:27.395803+00
51000409,,クリスティアーノ・フェリシオ,Cristiano Felicio,ブラジル,外国籍選手,692,6,2026-02-24 05:57:28.719254+00,2026-02-24 05:57:28.719254+00
5100000057,,デビン・オリバー,Devin Oliver,アメリカ合衆国,外国籍選手,694,15,2026-03-05 13:29:27.395803+00,2026-03-05 13:29:27.395803+00
51000171,,トーマス・ウェルシュ,Thomas Welsh,アメリカ合衆国,外国籍選手,702,40,2026-02-24 05:57:28.719254+00,2026-02-24 05:57:28.719254+00
51000393,,テリー・アレン,Terry Allen,アメリカ合衆国,外国籍選手,702,25,2026-03-03 07:36:27.495907+00,2026-03-03 07:36:27.495907+00
5100000077,,マイルズ・ヘソン,Myles Hesson,イギリス,外国籍選手,696,22,2026-03-05 13:29:27.395803+00,2026-03-05 13:29:27.395803+00
51000517,,ナシール・リトル,Nassir Little,アメリカ合衆国,外国籍選手,704,8,2026-03-03 08:46:17.378534+00,2026-03-03 08:46:17.378534+00
36416,,ノヴァー・ガドソン,Novar Gadson,アメリカ合衆国,外国籍選手,696,23,2026-03-05 13:29:27.395803+00,2026-03-05 13:29:27.395803+00
51000168,,イヴァン・ブバ,Ivan Buva,クロアチア,外国籍選手,698,25,2026-03-05 13:29:27.395803+00,2026-03-05 13:29:27.395803+00
51000524,,トレイ・ケル,Trey Kell,アメリカ合衆国,外国籍選手,696,8,2026-03-03 08:46:17.378534+00,2026-03-03 08:46:17.378534+00
51000512,,ジャレル・マーティン,Jarell Martin,アメリカ合衆国,外国籍選手,745,1,2026-03-03 08:46:17.378534+00,2026-03-03 08:46:17.378534+00
51000143,,ジャスティン・バルタザール,Justine Baltazar,フィリピン,外国籍選手,721,19,2026-03-05 23:27:06.34015+00,2026-03-05 23:27:06.34015+00
9398,,ジェフリー・パーマー,Jeffrey Parmer,アメリカ合衆国,外国籍選手,745,21,2026-03-03 08:46:17.378534+00,2026-03-03 08:46:17.378534+00
51000262,,サムソン・フローリング,Samson Froling,オーストラリア,外国籍選手,702,13,2026-03-05 23:46:42.722827+00,2026-03-05 23:46:42.722827+00
5100000059,,マット・ジャニング,Matt Janning,アメリカ合衆国,外国籍選手,727,23,2026-03-05 23:27:06.34015+00,2026-03-05 23:27:06.34015+00
10831,,テレンス・ウッドベリー,Terrance Woodbury,アメリカ合衆国,外国籍選手,713,30,2026-03-03 08:46:17.378534+00,2026-03-03 08:46:17.378534+00
26874,,ジョーダン・ヒース,Jordan Heath,アメリカ合衆国,外国籍選手,727,35,2026-02-24 05:57:28.719254+00,2026-02-24 05:57:28.719254+00
51000321,,デレク・パードン,Dererk Pardon,アメリカ合衆国,外国籍選手,2486,7,2026-03-03 08:46:17.378534+00,2026-03-03 08:46:17.378534+00
51000192,,トレイ・ポーター,Trey Porter,アメリカ合衆国,外国籍選手,2486,22,2026-03-03 08:46:17.378534+00,2026-03-03 08:46:17.378534+00
8784,,ファイ サンバ,Samba Faye,セネガル,外国籍選手,696,1,2026-03-05 23:27:06.34015+00,2026-03-05 23:27:06.34015+00
51000302,,デオン・トンプソン,Deon Thompson,アメリカ合衆国,外国籍選手,716,21,2026-03-05 13:29:27.395803+00,2026-03-05 13:29:27.395803+00
8843,,ウェイン・マーシャル,Wayne Marshall,アメリカ合衆国,外国籍選手,716,50,2026-03-05 13:29:27.395803+00,2026-03-05 13:29:27.395803+00
51000509,,マーカス・フォスター,Marcus Foster,アメリカ合衆国,外国籍選手,706,17,2026-03-03 08:46:17.378534+00,2026-03-03 08:46:17.378534+00
51000516,,ダリアス・デイズ,Darius Days,アメリカ合衆国,外国籍選手,697,4,2026-03-03 08:46:17.378534+00,2026-03-03 08:46:17.378534+00
51000319,,キャメロン・ジャクソン,Cameron Jackson,アメリカ合衆国,外国籍選手,697,7,2026-03-03 08:46:17.378534+00,2026-03-03 08:46:17.378534+00
30515,,ジャメール・マクリーン,Jamel Mclean,アメリカ合衆国,外国籍選手,693,1,2026-03-03 08:46:17.378534+00,2026-03-03 08:46:17.378534+00
51000159,,ジョナサン・ウィリアムズ,Johnathan Williams,アメリカ合衆国,外国籍選手,717,14,2026-03-03 08:25:04.626419+00,2026-03-03 08:25:04.626419+00
33094,,ペリン・ビュフォード,Perrin Buford,アメリカ合衆国,外国籍選手,720,2,2026-03-05 13:29:27.395803+00,2026-03-05 13:29:27.395803+00
51000522,,アリ・メザー,Ali Mezher,レバノン,外国籍選手,693,22,2026-03-03 08:46:17.378534+00,2026-03-03 08:46:17.378534+00
33095,,リード・トラビス,Reid Travis,アメリカ合衆国,外国籍選手,720,8,2026-02-24 05:57:28.719254+00,2026-02-24 05:57:28.719254+00
51000523,,キアヌ・ピンダー,Keanu Pinder,オーストラリア,外国籍選手,693,25,2026-03-03 08:46:17.378534+00,2026-03-03 08:46:17.378534+00
51000378,,ジェレミー・エヴァンス,Jeremy Evans,アメリカ合衆国,外国籍選手,2488,40,2026-03-05 23:18:01.487539+00,2026-03-05 23:18:01.487539+00
8591,,アイザック・バッツ,Isaac Butts,アメリカ合衆国,外国籍選手,717,5,2026-02-24 05:57:28.719254+00,2026-02-24 05:57:28.719254+00
33029,,カイル・ハント,Kyle Hunt,アメリカ合衆国,外国籍選手,700,24,2026-03-05 23:27:06.34015+00,2026-03-05 23:27:06.34015+00
33085,,ディージェイ・ニュービル,D.J. Newbill,アメリカ合衆国,外国籍選手,700,25,2026-02-24 05:57:28.719254+00,2026-02-24 05:57:28.719254+00
51000316,,ジェフリー・クロケット,Jeffrey Crockett,アメリカ合衆国,外国籍選手,693,30,2026-03-05 13:29:27.395803+00,2026-03-05 13:29:27.395803+00
51000360,,ブライアン・コンクリン,Brian Conklin,アメリカ合衆国,外国籍選手,712,8,2026-03-05 13:32:07.128183+00,2026-03-05 13:32:07.128183+00
51000379,,イ ヒョンジュン,Hyunjung Lee,韓国,外国籍選手,700,11,2026-03-03 08:46:17.378534+00,2026-03-03 08:46:17.378534+00
18440,,ジョシュ・ダンカン,Josh Duncan,アメリカ合衆国,外国籍選手,701,1,2026-03-05 23:27:06.34015+00,2026-03-05 23:27:06.34015+00
51000280,,アンソニー・クレモンズ,Anthony Clemmons,アメリカ合衆国,外国籍選手,726,5,2026-02-24 05:57:28.719254+00,2026-02-24 05:57:28.719254+00
40169,,デボーン・ワシントン,Devaughn Washington,アメリカ合衆国,外国籍選手,2488,99,2026-03-05 13:31:15.258153+00,2026-03-05 13:31:15.258153+00
51000296,,ジョン・ハーラー,John Harrar,アメリカ合衆国,外国籍選手,702,21,2026-03-03 08:46:17.378534+00,2026-03-03 08:46:17.378534+00
51000514,,ジャリル・オカフォー,Jahlil Okafor,アメリカ合衆国,外国籍選手,702,22,2026-03-03 08:46:17.378534+00,2026-03-03 08:46:17.378534+00
51000489,,タイラー・クック,Tyler Cook,アメリカ合衆国,外国籍選手,712,8,2026-03-03 08:46:17.378534+00,2026-03-03 08:46:17.378534+00
26922,,チャールズ・ジャクソン,Charles Jackson,アメリカ合衆国,外国籍選手,694,10,2026-02-24 05:57:28.719254+00,2026-02-24 05:57:28.719254+00
51000130,,アンソニー・ローレンス Ⅱ,Anthony Lawrence Ⅱ,アメリカ合衆国,外国籍選手,728,9,2026-03-05 23:27:06.34015+00,2026-03-05 23:27:06.34015+00
51000396,,ライアン・ルーサー,Ryan Luther,アメリカ合衆国,外国籍選手,700,11,2026-02-24 05:57:28.719254+00,2026-02-24 05:57:28.719254+00
51000521,,ヤニー・ウェッツェル,Yanni Wetzell,ニュージーランド,外国籍選手,693,10,2026-03-03 08:46:17.378534+00,2026-03-03 08:46:17.378534+00
51000187,,マシュー・ライト,Matthew Wright,カナダ,外国籍選手,699,7,2026-02-24 05:57:28.719254+00,2026-02-24 05:57:28.719254+00
51000264,,アラン・ウィリアムズ,Alan Williams,アメリカ合衆国,外国籍選手,729,15,2026-03-03 08:46:17.378534+00,2026-03-03 08:46:17.378534+00
51000203,,ジェイ・ワシントン,Jay Washington,フィリピン,外国籍選手,701,42,2026-03-05 23:27:06.34015+00,2026-03-05 23:27:06.34015+00
51000385,,クリスチャン・メコウル,Christian Mekowulu,ナイジェリア,外国籍選手,693,21,2026-02-24 05:57:28.719254+00,2026-02-24 05:57:28.719254+00
51000290,,レオナルド・メインデル,Leonardo Meindl,ブラジル,外国籍選手,706,23,2026-02-24 05:57:28.719254+00,2026-02-24 05:57:28.719254+00
5100000051,,アレックス・マーフィー,Alex Murphy,アメリカ合衆国,外国籍選手,702,5,2026-03-05 09:16:30.233185+00,2026-03-05 09:16:30.233185+00
51000390,,ヤニス・モラン,Yannis Morin,フランス,外国籍選手,693,24,2026-02-24 05:57:28.719254+00,2026-02-24 05:57:28.719254+00
51000412,,ダミアン・イングリス,Damien Inglis,フランス,外国籍選手,694,4,2026-02-24 05:57:28.719254+00,2026-02-24 05:57:28.719254+00
9040,,ダバンテ・ガードナー,Davante Gardner,アメリカ合衆国,外国籍選手,728,54,2026-02-24 05:57:28.719254+00,2026-02-24 05:57:28.719254+00
51000101,,ライアン・クリーナー,Ryan Kriener,アメリカ合衆国,外国籍選手,702,5,2026-02-24 05:57:28.719254+00,2026-02-24 05:57:28.719254+00
5100000088,,ニック・ケイ,Nick Kay,オーストラリア,外国籍選手,720,4,2026-02-24 05:57:28.719254+00,2026-02-24 05:57:28.719254+00
51000529,,スタンリー・ジョンソン,Stanley Johnson,アメリカ合衆国,外国籍選手,2488,14,2026-03-03 08:46:17.378534+00,2026-03-03 08:46:17.378534+00
51000395,,アキル・ミッチェル,Akil Mitchell,アメリカ合衆国,外国籍選手,2488,25,2026-03-03 08:46:17.378534+00,2026-03-03 08:46:17.378534+00
51000312,,ザック・オーガスト,Zach Auguste,アメリカ合衆国,外国籍選手,728,0,2026-02-24 05:57:28.719254+00,2026-02-24 05:57:28.719254+00
5100000062,,キーファー・ラベナ,Kiefer Ravena,フィリピン,外国籍選手,698,15,2026-02-24 05:57:28.719254+00,2026-02-24 05:57:28.719254+00
51000314,,イ デソン,Daesung Lee,韓国,外国籍選手,728,43,2026-03-05 13:29:27.395803+00,2026-03-05 13:29:27.395803+00
26921,,セバスチャン・サイズ,Sebastian Saiz,スペイン,外国籍選手,706,11,2026-02-24 05:57:28.719254+00,2026-02-24 05:57:28.719254+00
51000261,,パク ジェヒョン,Jaehyun Park,韓国,外国籍選手,695,11,2026-03-05 23:46:42.722827+00,2026-03-05 23:46:42.722827+00
51000576,,クエンティン・ミロラ・ブラウン,Quentin Millora-Brown,アメリカ合衆国,外国籍選手,704,42,2026-03-03 08:46:17.378534+00,2026-03-03 08:46:17.378534+00
8709,,ジュリアン・マブンガ,Julian Mavunga,ジンバブエ,外国籍選手,703,32,2026-03-05 23:27:06.34015+00,2026-03-05 23:27:06.34015+00
51000578,,マリアル・シャヨク,Marial Shayok,カナダ,外国籍選手,2486,1,2026-03-03 08:46:17.378534+00,2026-03-03 08:46:17.378534+00
26914,,ジャック・クーリー,Jack Cooley,アメリカ合衆国,外国籍選手,701,45,2026-02-24 05:57:28.719254+00,2026-02-24 05:57:28.719254+00
51000406,,ゲイリー・クラーク,Gary Clark,アメリカ合衆国,外国籍選手,694,8,2026-02-24 05:57:28.719254+00,2026-02-24 05:57:28.719254+00
51000438,,オルフェミ・オルジョビ,Olufemi Olujobi,アメリカ合衆国,外国籍選手,717,0,2026-03-03 08:25:04.626419+00,2026-03-03 08:25:04.626419+00
33035,,パトリック・アウダ,Patrik Auda,チェコ,外国籍選手,694,1,2026-03-03 08:25:04.626419+00,2026-03-03 08:25:04.626419+00
12633,,ジョシュア・スミス,Joshua Smith,アメリカ合衆国,外国籍選手,696,34,2026-03-03 08:46:17.378534+00,2026-03-03 08:46:17.378534+00
10834,,アンドリュー・ランダル,Andrew Randall,アメリカ合衆国,外国籍選手,717,0,2026-03-03 08:46:17.378534+00,2026-03-03 08:46:17.378534+00
5100000063,,ザック・モーア,Zack Moore,アメリカ合衆国,外国籍選手,699,34,2026-03-05 23:27:06.34015+00,2026-03-05 23:27:06.34015+00
5100000069,,レイ・パークスジュニア,Ray Parks Jr.,フィリピン,外国籍選手,729,1,2026-02-24 05:57:28.719254+00,2026-02-24 05:57:28.719254+00
51000391,,アリゼ・ジョンソン,Alize Johnson,アメリカ合衆国,外国籍選手,727,24,2026-02-24 05:57:28.719254+00,2026-02-24 05:57:28.719254+00
5100000078,,ブライス・ジョンソン,Brice Johnson,アメリカ合衆国,外国籍選手,696,5,2026-03-05 23:27:06.34015+00,2026-03-05 23:27:06.34015+00
36414,,ワース・スミス,Worth Smith,アメリカ合衆国,外国籍選手,721,7,2026-03-03 08:25:04.626419+00,2026-03-03 08:25:04.626419+00
51000205,,コーディ・デンプス,Cody Demps,アメリカ合衆国,外国籍選手,696,8,2026-03-05 23:27:06.34015+00,2026-03-05 23:27:06.34015+00
32988,,ケニー・ローソン・ジュニア,Kenny Lawson Jr.,アメリカ合衆国,外国籍選手,713,25,2026-03-03 08:25:04.626419+00,2026-03-03 08:25:04.626419+00
51000496,,ドンテ・グランタム,Donte Grantham,アメリカ合衆国,外国籍選手,726,1,2026-03-03 08:46:17.378534+00,2026-03-03 08:46:17.378534+00
51000392,,サッシャ・キリヤ・ジョーンズ,Sacha Killeya-Jones,アメリカ合衆国,外国籍選手,727,3,2026-02-24 05:57:28.719254+00,2026-02-24 05:57:28.719254+00
18433,,ロスコ・アレン,Rosco Allen,ハンガリー,外国籍選手,695,25,2026-02-24 05:57:28.719254+00,2026-02-24 05:57:28.719254+00
12641,,ギャレット・スタツ,Garrett Stutz,アメリカ合衆国,外国籍選手,721,41,2026-03-05 23:27:06.34015+00,2026-03-05 23:27:06.34015+00
22399,,アレン・ダーラム,Allen Durham,アメリカ合衆国,外国籍選手,701,7,2026-03-04 03:25:39.414535+00,2026-03-04 03:25:39.414535+00
18460,,デビッド・サイモン,David Simon,アメリカ合衆国,外国籍選手,716,9,2026-03-05 13:29:27.395803+00,2026-03-05 13:29:27.395803+00
51000520,,ジョーダン・ダラス,Jordan Dallas,アメリカ合衆国,外国籍選手,726,21,2026-03-03 08:46:17.378534+00,2026-03-03 08:46:17.378534+00
51000536,,ジャモルコ・ピケット,Jamorko Pickett,アメリカ合衆国,外国籍選手,717,0,2026-03-03 08:46:17.378534+00,2026-03-03 08:46:17.378534+00
51000500,,フランシス・ロペス,Francis Lopez,フィリピン,外国籍選手,717,20,2026-03-03 08:46:17.378534+00,2026-03-03 08:46:17.378534+00
51000513,,オマール・ジャマレディン,Omar Jamaleddine,アメリカ合衆国,外国籍選手,727,1,2026-03-03 08:46:17.378534+00,2026-03-03 08:46:17.378534+00
51000510,,エマニュエル・テリー,Emanuel Terry,アメリカ合衆国,外国籍選手,727,5,2026-03-03 08:46:17.378534+00,2026-03-03 08:46:17.378534+00
51000494,,ドゥシャン・リスティッチ,Dušan Ristić,セルビア,外国籍選手,727,14,2026-03-03 08:46:17.378534+00,2026-03-03 08:46:17.378534+00
12642,,アンジェロ・チョル,Angelo Chol,南スーダン,外国籍選手,693,7,2026-03-05 13:29:27.395803+00,2026-03-05 13:29:27.395803+00
20017,,ケビン・ジョーンズ,Kevin Jones,アメリカ合衆国,外国籍選手,726,5,2026-02-24 05:57:28.719254+00,2026-02-24 05:57:28.719254+00
51000173,,ケーレブ・ターズースキー,Kaleb Tarczewski,アメリカ合衆国,外国籍選手,713,25,2026-02-24 05:57:28.719254+00,2026-02-24 05:57:28.719254+00
18172,,ジャスティン・キーナン,Justin Keenan,アメリカ合衆国,外国籍選手,713,40,2026-03-05 23:27:06.34015+00,2026-03-05 23:27:06.34015+00
51000209,,スティーブ・ザック,Steve Zack,アメリカ合衆国,外国籍選手,693,00,2026-03-03 08:25:04.626419+00,2026-03-03 08:25:04.626419+00
5100000041,,王　偉嘉,Weijia Wang,中国,外国籍選手,693,1,2026-03-05 13:29:27.395803+00,2026-03-05 13:29:27.395803+00
51000148,,スタントン・キッド,Stanton Kidd,アメリカ合衆国,外国籍選手,693,7,2026-02-24 05:57:28.719254+00,2026-02-24 05:57:28.719254+00
51000287,,ディー・ジェイ・ステフェンズ,D.J. Stephens,アメリカ合衆国,外国籍選手,704,20,2026-03-05 13:29:27.395803+00,2026-03-05 13:29:27.395803+00
51000291,,アルトゥーラス・グダイティス,Arturas Gudaitis,リトアニア,外国籍選手,706,77,2026-02-24 05:57:28.719254+00,2026-02-24 05:57:28.719254+00
25267,,ハビエル・カーター,Javier Carter,アメリカ合衆国,外国籍選手,693,32,2026-02-24 05:57:28.719254+00,2026-02-24 05:57:28.719254+00
42985,,ゼイビア・クックス,Xavier Cooks,オーストラリア,外国籍選手,704,10,2026-03-05 13:31:15.258153+00,2026-03-05 13:31:15.258153+00
5100000048,,コティ・クラーク,Coty Clarke,アメリカ合衆国,外国籍選手,729,4,2026-02-24 05:57:28.719254+00,2026-02-24 05:57:28.719254+00
5100000046,,スコット・エサトン,Scott Eatherton,アメリカ合衆国,外国籍選手,729,43,2026-02-24 05:57:28.719254+00,2026-02-24 05:57:28.719254+00
33039,,アンガス・ブラント,Angus Brandt,オーストラリア,外国籍選手,716,26,2026-03-05 13:29:27.395803+00,2026-03-05 13:29:27.395803+00
33100,,レイナルド・ガルシア,Reynaldo Garcia,キューバ,外国籍選手,1638,2,2026-02-24 05:57:28.719254+00,2026-02-24 05:57:28.719254+00
51000398,,サン シャオ,Siyao Sun,中国,外国籍選手,712,24,2026-02-24 05:57:28.719254+00,2026-02-24 05:57:28.719254+00
9431,,ジョシュア・クロフォード,Joshua Crawford,アメリカ合衆国,外国籍選手,695,22,2026-03-05 13:33:17.039089+00,2026-03-05 13:33:17.039089+00
32980,,サーディ・ラベナ,Thirdy Ravena,フィリピン,外国籍選手,697,0,2026-03-05 13:29:27.395803+00,2026-03-05 13:29:27.395803+00
51000157,,アイゼイア・ヒックス,Isaiah Hicks,アメリカ合衆国,外国籍選手,697,4,2026-03-05 23:27:06.34015+00,2026-03-05 23:27:06.34015+00
51000397,,ヨハネス・ティーマン,Johannes Thiemann,ドイツ,外国籍選手,713,32,2026-02-24 05:57:28.719254+00,2026-02-24 05:57:28.719254+00
12587,,ハッサン・マーティン,Hassan Martin,アメリカ合衆国,外国籍選手,720,12,2026-03-05 13:29:27.395803+00,2026-03-05 13:29:27.395803+00
49996,,シリル・ニースミス,Cyril Nesmith II,アメリカ合衆国,外国籍選手,700,23,2026-03-03 08:46:17.378534+00,2026-03-03 08:46:17.378534+00
51000533,,デイボン・リード,Davon Reed,アメリカ合衆国,外国籍選手,745,9,2026-03-03 08:46:17.378534+00,2026-03-03 08:46:17.378534+00
52433,,ジョーダン・ナタイ,Jordan Ngatai,ニュージーランド,外国籍選手,702,20,2026-03-03 08:46:17.378534+00,2026-03-03 08:46:17.378534+00
51000166,,ヴィック・ロー,Vic Law,アメリカ合衆国,外国籍選手,704,4,2026-02-24 05:57:28.719254+00,2026-02-24 05:57:28.719254+00
5100000055,,クリストファー・スミス,Christopher Smith,アメリカ合衆国,外国籍選手,704,34,2026-02-24 05:57:28.719254+00,2026-02-24 05:57:28.719254+00
9259,,エドワード・モリス,Edward Morris,アメリカ合衆国,外国籍選手,694,32,2026-02-24 05:57:28.719254+00,2026-02-24 05:57:28.719254+00
40153,,ダニエル・ギデンズ,Daniel Giddens,アメリカ合衆国,外国籍選手,697,41,2026-03-05 23:41:53.163476+00,2026-03-05 23:41:53.163476+00
51000169,,シェック・ディアロ,Cheick Diallo,マリ,外国籍選手,699,31,2026-03-05 13:31:21.966767+00,2026-03-05 13:31:21.966767+00
51000219,,ウィリアム・モズリー,William Mosley,アメリカ合衆国,外国籍選手,716,42,2026-03-05 23:32:08.441358+00,2026-03-05 23:32:08.441358+00
9340,,チェハーレス・タプスコット,Chehales Tapscott,アメリカ合衆国,外国籍選手,712,11,2026-02-24 05:57:28.719254+00,2026-02-24 05:57:28.719254+00
12634,,エリック・ジェイコブセン,Eric Jacobsen,アメリカ合衆国,外国籍選手,712,21,2026-02-24 05:57:28.719254+00,2026-02-24 05:57:28.719254+00
51000163,,ケヴェ・アルマ,Keve Aluma,アメリカ合衆国,外国籍選手,695,4,2026-02-24 05:57:28.719254+00,2026-02-24 05:57:28.719254+00
51000216,,コフィ・コーバーン,Kofi Cockburn,ジャマイカ,外国籍選手,695,21,2026-03-03 08:46:17.378534+00,2026-03-03 08:46:17.378534+00
51000374,,ルーク・メイ,Luke Maye,アメリカ合衆国,外国籍選手,712,32,2026-02-24 05:57:28.719254+00,2026-02-24 05:57:28.719254+00
51000294,,ヴォーディミル・ゲルン,Volodymyr Gerun,ウクライナ,外国籍選手,692,52,2026-02-24 05:57:28.719254+00,2026-02-24 05:57:28.719254+00
51000271,,デイビッド・ダジンスキー,David Dudzinski,アメリカ合衆国,外国籍選手,697,23,2026-02-24 05:57:28.719254+00,2026-02-24 05:57:28.719254+00
51000160,,ヤンテ・メイテン,Yante Maten,アメリカ合衆国,外国籍選手,697,1,2026-02-24 05:57:28.719254+00,2026-02-24 05:57:28.719254+00
51000268,,アーロン・ヘンリー,Aaron Henry,アメリカ合衆国,外国籍選手,717,11,2026-03-03 08:25:04.626419+00,2026-03-03 08:25:04.626419+00
51000145,,ケリー・ブラックシアー・ジュニア,Kerry BlackshearJr,アメリカ合衆国,外国籍選手,721,8,2026-02-24 05:57:28.719254+00,2026-02-24 05:57:28.719254+00
51000317,,ヨーリ・チャイルズ,Yoeli Childs,アメリカ合衆国,外国籍選手,1638,23,2026-02-24 05:57:28.719254+00,2026-02-24 05:57:28.719254+00
51000278,,ティム・ソアレス,Tim Soares,ブラジル,外国籍選手,729,10,2026-02-24 05:57:28.719254+00,2026-02-24 05:57:28.719254+00
33097,,ドウェイン・エバンス,Dwayne Evans II,アメリカ合衆国,外国籍選手,721,13,2026-03-03 08:25:04.626419+00,2026-03-03 08:25:04.626419+00
33036,,ヤン ジェミン,Jae-Min Yang,韓国,外国籍選手,703,5,2026-02-24 05:57:28.719254+00,2026-02-24 05:57:28.719254+00
51000334,,ジョニー・オブライアント,Johnny O'Bryant,アメリカ合衆国,外国籍選手,712,84,2026-03-05 13:31:21.966767+00,2026-03-05 13:31:21.966767+00
51000218,,アンドリュー・ファーガソン,Andrew Ferguson,オーストラリア,外国籍選手,720,34,2026-03-05 23:32:08.441358+00,2026-03-05 23:32:08.441358+00
18398,,ライアン・ケリー,Ryan Kelly,アメリカ合衆国,外国籍選手,726,34,2026-03-05 13:29:27.395803+00,2026-03-05 13:29:27.395803+00
5100000054,,ジョン・ムーニー,John Mooney,アメリカ合衆国,外国籍選手,704,33,2026-02-24 05:57:28.719254+00,2026-02-24 05:57:28.719254+00
33038,,ジョーダン・ハミルトン,Jordan Hamilton,アメリカ合衆国,外国籍選手,698,5,2026-03-05 23:41:53.163476+00,2026-03-05 23:41:53.163476+00
5100000056,,ジェレミー・ジョーンズ,Jeremy Jones,アメリカ合衆国,外国籍選手,717,22,2026-03-03 08:46:17.378534+00,2026-03-03 08:46:17.378534+00
51000226,,エペ・ウドゥ,Ekpe Udoh,アメリカ合衆国,外国籍選手,699,77,2026-03-05 23:41:53.163476+00,2026-03-05 23:41:53.163476+00
26912,,ショーン・オマラ,Sean O’mara,アメリカ合衆国,外国籍選手,700,54,2026-02-24 05:57:28.719254+00,2026-02-24 05:57:28.719254+00
51000229,,キャメロン・クラットウィグ,Cameron Krutwig,アメリカ合衆国,外国籍選手,712,15,2026-03-05 23:41:53.163476+00,2026-03-05 23:41:53.163476+00
51000211,,ルーズベルト・アダムス,Roosevelt Adams,アメリカ合衆国,外国籍選手,53000064,00,2026-03-05 23:42:09.497423+00,2026-03-05 23:42:09.497423+00
5100000082,,コービー・パラス,Kobe Paras,フィリピン,外国籍選手,53000064,1,2026-03-05 23:42:09.497423+00,2026-03-05 23:42:09.497423+00
51000179,,ジョーダン・ヘディング,Jordan Heading,オーストラリア,外国籍選手,53000064,3,2026-03-05 23:42:09.497423+00,2026-03-05 23:42:09.497423+00
51000152,,チョン ギボム,Gibeom Cheon,韓国,外国籍選手,53000064,10,2026-03-05 23:42:09.497423+00,2026-03-05 23:42:09.497423+00
51000185,,グレゴリー・スローター,Gregory Slaughter,アメリカ合衆国,外国籍選手,53000064,20,2026-03-05 23:42:09.497423+00,2026-03-05 23:42:09.497423+00
51000153,,ラショーン・トーマス,Rashawn Thomas,アメリカ合衆国,外国籍選手,692,25,2026-03-05 13:29:27.395803+00,2026-03-05 13:29:27.395803+00
51000144,,ネイサン・ブース,Nathan Boothe,アメリカ合衆国,外国籍選手,692,45,2026-02-24 05:57:28.719254+00,2026-02-24 05:57:28.719254+00
18441,,トレイ・ジョーンズ,Trey Jones,アメリカ合衆国,外国籍選手,713,4,2026-02-24 05:57:28.719254+00,2026-02-24 05:57:28.719254+00
39621,,ベイリー・スティール,Baylee Steele,アメリカ合衆国,外国籍選手,692,11,2026-03-05 23:42:09.497423+00,2026-03-05 23:42:09.497423+00
51000170,,ティージェー・ロール,TJ Lall,カナダ,外国籍選手,699,8,2026-03-05 23:27:06.34015+00,2026-03-05 23:27:06.34015+00
39812,,イホール・ボヤルキム,Ihor Boiarkin,ウクライナ,外国籍選手,706,23,2026-03-05 23:42:09.497423+00,2026-03-05 23:42:09.497423+00
10256,,ドゥレイロン・バーンズ,Draelon Burns,アメリカ合衆国,外国籍選手,716,2,2026-03-05 23:42:09.497423+00,2026-03-05 23:42:09.497423+00
51000241,,シズ・オルストン,Shizz Alston,アメリカ合衆国,外国籍選手,728,10,2026-03-05 23:42:09.497423+00,2026-03-05 23:42:09.497423+00
51000102,,ドワイト・ラモス,Dwight Ramos,フィリピン,外国籍選手,702,2,2026-02-24 05:57:28.719254+00,2026-02-24 05:57:28.719254+00
51000245,,クインシー・ミラー,Quincy Miller,アメリカ合衆国,外国籍選手,728,30,2026-03-05 13:31:21.966767+00,2026-03-05 13:31:21.966767+00
9435,,カイル・リチャードソン,Kyle Richardson,日本,帰化選手,745,34,2026-03-03 08:46:17.378534+00,2026-03-03 08:46:17.378534+00
9456,,小寺 ハミルトンゲイリー,Hamiltongary Kotera,日本,帰化選手,692,2,2026-03-03 08:46:17.378534+00,2026-03-03 08:46:17.378534+00
30405,,モッチ ラミン,Lamine Mbodj,セネガル,帰化選手,1638,15,2026-02-24 05:57:28.719254+00,2026-02-24 05:57:28.719254+00
8593,,ギャビン・エドワーズ,Gavin Edwards,日本,帰化選手,704,21,2026-02-24 05:57:28.719254+00,2026-02-24 05:57:28.719254+00
9345,,ウィリアムス ニカ,Nyika Williams,日本,帰化選手,720,28,2026-02-24 05:57:28.719254+00,2026-02-24 05:57:28.719254+00
8649,,ライアン・ロシター,Ryan Rossiter,日本,帰化選手,706,22,2026-02-24 05:57:28.719254+00,2026-02-24 05:57:28.719254+00
8835,,ジェフ・ギブス,Jeff Gibbs,日本,帰化選手,726,4,2026-02-24 05:57:28.719254+00,2026-02-24 05:57:28.719254+00
12598,,ジョシュ・ホーキンソン,Josh Hawkinson,日本,帰化選手,716,24,2026-02-24 05:57:28.719254+00,2026-02-24 05:57:28.719254+00
27048,,ダマ ムッサ,Muusa Dama,日本,帰化選手,720,25,2026-03-03 08:46:17.378534+00,2026-03-03 08:46:17.378534+00
9369,,河田 チリジ,Tshilidzi Kawada,日本,帰化選手,699,15,2026-03-03 08:25:04.626419+00,2026-03-03 08:25:04.626419+00
8579,,マイケル・パーカー,Michael Parker,日本,帰化選手,713,3,2026-02-24 05:57:28.719254+00,2026-02-24 05:57:28.719254+00
9063,,ジョシュ・ハレルソン,Josh Harrellson,日本,帰化選手,1638,55,2026-02-24 05:57:28.719254+00,2026-02-24 05:57:28.719254+00
12582,,アレックス・カーク,Alex Kirk,日本,帰化選手,706,53,2026-02-24 05:57:28.719254+00,2026-02-24 05:57:28.719254+00
8608,,トーマス・ケネディ,Thomas Kennedy,日本,帰化選手,712,1,2026-03-03 08:46:17.378534+00,2026-03-03 08:46:17.378534+00
26890,,ニック・メイヨ,Nick Mayo,日本,帰化選手,721,24,2026-02-24 05:57:28.719254+00,2026-02-24 05:57:28.719254+00
8452,,アイラ・ブラウン,Ira Brown,日本,帰化選手,700,33,2026-02-24 05:57:28.719254+00,2026-02-24 05:57:28.719254+00
9418,,エヴァンス ルーク,Luke Evans,日本,帰化選手,717,3,2026-02-24 05:57:28.719254+00,2026-02-24 05:57:28.719254+00
8490,,ニック・ファジーカス,Nick Fazekas,アメリカ合衆国,帰化選手枠,727,22,2026-03-05 13:29:27.395803+00,2026-03-05 13:29:27.395803+00
51000104,,マシュー・アキノ,Matthew Aquino,日本,日本,716,13,2026-02-24 05:57:28.719254+00,2026-02-24 05:57:28.719254+00
18148,,寺園 脩斗,Shuto Terazono,日本,日本人選手,702,4,2026-02-24 05:57:28.719254+00,2026-02-24 05:57:28.719254+00
20031,,中野 司,Tsukasa Nakano,日本,日本人選手,702,7,2026-02-24 05:57:28.719254+00,2026-02-24 05:57:28.719254+00
30510,,中村 ジャズ,Jazz Nakamura,日本,日本人選手,712,22,2026-03-05 09:16:30.233185+00,2026-03-05 09:16:30.233185+00
51000235,,浅井 修伍,Shugo Asai,日本,日本人選手,712,7,2026-02-24 05:57:28.719254+00,2026-02-24 05:57:28.719254+00
8482,,藤井 祐眞,Yuma Fujii,日本,日本人選手,727,0,2026-02-24 05:57:28.719254+00,2026-02-24 05:57:28.719254+00
8484,,篠山 竜青,Ryusei Shinoyama,日本,日本人選手,727,7,2026-02-24 05:57:28.719254+00,2026-02-24 05:57:28.719254+00
20018,,増田 啓介,Keisuke Masuda,日本,日本人選手,727,11,2026-03-05 13:29:27.395803+00,2026-03-05 13:29:27.395803+00
20024,,前田 悟,Satoru Maeta,日本,日本人選手,727,13,2026-02-24 05:57:28.719254+00,2026-02-24 05:57:28.719254+00
30459,,平良 彰吾,Shogo Taira,日本,日本人選手,701,47,2026-03-03 08:25:04.626419+00,2026-03-03 08:25:04.626419+00
8489,,鎌田 裕也,Yuya Kamata,日本,日本人選手,727,18,2026-02-24 05:57:28.719254+00,2026-02-24 05:57:28.719254+00
30399,,納見 悠仁,Yuto Nohmi,日本,日本人選手,727,21,2026-02-24 05:57:28.719254+00,2026-02-24 05:57:28.719254+00
15826,,飯田 遼,Ryo Iida,日本,日本人選手,727,37,2026-02-24 05:57:28.719254+00,2026-02-24 05:57:28.719254+00
51000451,,内藤 晴樹,Haruki Naito,日本,日本人選手,693,22,2026-03-03 08:25:04.626419+00,2026-03-03 08:25:04.626419+00
51000119,,加藤 嵩都,Taketo Kato,日本,日本人選手,729,3,2026-02-24 05:57:28.719254+00,2026-02-24 05:57:28.719254+00
8583,,石井 講祐,Kosuke Ishii,日本,日本人選手,726,27,2026-02-24 05:57:28.719254+00,2026-02-24 05:57:28.719254+00
15815,,井上 宗一郎,Soichiro Inoue,日本,日本人選手,726,75,2026-02-24 05:57:28.719254+00,2026-02-24 05:57:28.719254+00
5100000036,,高島 紳司,Shinji Takashima,日本,日本人選手,703,12,2026-02-24 05:57:28.719254+00,2026-02-24 05:57:28.719254+00
30522,,鈴木 悠介,Yusuke Suzuki,日本,日本人選手,699,15,2026-03-03 07:36:27.495907+00,2026-03-03 07:36:27.495907+00
10893,,松本 健児リオン,Kenji leon Matsumoto,日本,日本人選手,2488,1,2026-02-24 05:57:28.719254+00,2026-02-24 05:57:28.719254+00
51000252,,小針 幸也,Koya Kobari,日本,日本人選手,2488,2,2026-02-24 05:57:28.719254+00,2026-02-24 05:57:28.719254+00
10822,,生原 秀将,Shusuke Ikuhara,日本,日本人選手,716,46,2026-03-05 13:32:07.128183+00,2026-03-05 13:32:07.128183+00
5100000040,,常田 耕平,Kohei Tsuneta,日本,日本人選手,698,17,2026-02-24 05:57:28.719254+00,2026-02-24 05:57:28.719254+00
10297,,田原 隆徳,Takanori Tahara,日本,日本人選手,698,21,2026-02-24 05:57:28.719254+00,2026-02-24 05:57:28.719254+00
51000343,,江原 信太朗,Shintaro Ehara,日本,日本人選手,698,25,2026-02-24 05:57:28.719254+00,2026-02-24 05:57:28.719254+00
12658,,飯田 鴻朗,Hirotoki Iida,日本,日本人選手,745,49,2026-02-24 05:57:28.719254+00,2026-02-24 05:57:28.719254+00
51000481,,浅井 英矢,Hideya Asai,日本,日本人選手,697,11,2026-03-03 08:46:17.378534+00,2026-03-03 08:46:17.378534+00
12605,,高比良 寛治,Kanji Takahira,日本,日本人選手,2488,14,2026-02-24 05:57:28.719254+00,2026-02-24 05:57:28.719254+00
12577,,馬場 雄大,Yudai Baba,日本,日本人選手,2488,18,2026-02-24 05:57:28.719254+00,2026-02-24 05:57:28.719254+00
51000177,,榎田 拓真,Takuma Enokida,日本,日本人選手,2488,36,2026-02-24 05:57:28.719254+00,2026-02-24 05:57:28.719254+00
51000447,,佐藤 涼成,Ryosei Sato,日本,日本人選手,694,88,2026-03-04 03:25:39.414535+00,2026-03-04 03:25:39.414535+00
51000305,,若野 瑛太,Eita Wakano,日本,日本人選手,729,17,2026-02-24 05:57:28.719254+00,2026-02-24 05:57:28.719254+00
55000203,,阿部 竜大,Tatsuhiro Abe,日本,日本人選手,53000062,7,2026-03-03 08:25:04.626419+00,2026-03-03 08:25:04.626419+00
51000118,,宮本 一樹,Kazuki Miyamoto,日本,日本人選手,717,7,2026-03-03 08:25:04.626419+00,2026-03-03 08:25:04.626419+00
51000233,,益子 拓己,Takumi Masuko,日本,日本人選手,699,42,2026-02-24 05:57:28.719254+00,2026-02-24 05:57:28.719254+00
8590,,狩俣 昌也,Masaya Karimata,日本,日本人選手,836,4,2026-02-24 05:57:28.719254+00,2026-02-24 05:57:28.719254+00
8681,,綿貫 瞬,Shun Watanuki,日本,日本人選手,695,17,2026-03-05 13:29:27.395803+00,2026-03-05 13:29:27.395803+00
5100000035,,渡部 琉,Ryu Watanabe,日本,日本人選手,692,21,2026-02-24 05:57:28.719254+00,2026-02-24 05:57:28.719254+00
9055,,富樫 勇樹,Yuki Togashi,日本,日本人選手,704,2,2026-02-24 05:57:28.719254+00,2026-02-24 05:57:28.719254+00
51000331,,田中 力,Chikara Tanaka,日本,日本人選手,694,2,2026-03-05 13:29:27.395803+00,2026-03-05 13:29:27.395803+00
30460,,河村 勇輝,Yuki Kawamura,日本,日本人選手,694,5,2026-03-05 13:29:27.395803+00,2026-03-05 13:29:27.395803+00
51000227,,松崎 裕樹,Hiroki Matsuzaki,日本,日本人選手,694,24,2026-02-24 05:57:28.719254+00,2026-02-24 05:57:28.719254+00
8712,,細谷 将司,Masashi Hosoya,日本,日本人選手,728,4,2026-03-05 23:27:06.34015+00,2026-03-05 23:27:06.34015+00
15818,,葛原 大智,Daichi Kuzuhara,日本,日本人選手,717,25,2026-03-03 08:46:17.378534+00,2026-03-03 08:46:17.378534+00
8597,,市岡 ショーン,Sean Ichioka,日本,日本人選手,698,22,2026-02-24 05:57:28.719254+00,2026-02-24 05:57:28.719254+00
10820,,杉浦 佑成,Yusei Sugiura,日本,日本人選手,698,9,2026-02-24 05:57:28.719254+00,2026-02-24 05:57:28.719254+00
10894,,柏倉 哲平,Teppei Kashiwagura,日本,日本人選手,698,14,2026-02-24 05:57:28.719254+00,2026-02-24 05:57:28.719254+00
51000111,,角田 太輝,Taiki Sumida,日本,日本人選手,1638,25,2026-02-24 05:57:28.719254+00,2026-02-24 05:57:28.719254+00
5100000028,,野本 大智,Daichi Nomoto,日本,日本人選手,698,16,2026-02-24 05:57:28.719254+00,2026-02-24 05:57:28.719254+00
8662,,満原 優樹,Yuki Mitsuhara,日本,日本人選手,1638,32,2026-02-24 05:57:28.719254+00,2026-02-24 05:57:28.719254+00
51000452,,長谷川 比源,Higen Hasegawa,日本,日本人選手,698,34,2026-03-03 08:25:04.626419+00,2026-03-03 08:25:04.626419+00
26888,,井上 諒汰,Ryota Inoue,日本,日本人選手,1638,34,2026-02-24 05:57:28.719254+00,2026-02-24 05:57:28.719254+00
51000135,,相原 アレクサンダー学,AlexanderGaku Aihara,日本,日本人選手,1638,36,2026-02-24 05:57:28.719254+00,2026-02-24 05:57:28.719254+00
5100000014,45868,佐土原 遼,Ryo Sadohara,日本,日本人選手,3012,8,2026-03-05 13:32:07.128183+00,2026-03-05 13:32:07.128183+00
5100000049,45870,渡邉 飛勇,Hugh Watanabe,日本,日本人選手,3012,9,2026-03-05 13:32:07.128183+00,2026-03-05 13:32:07.128183+00
5100000012,45862,荒谷 裕秀,Hirohide Araya,日本,日本人選手,3012,11,2026-03-05 13:32:07.128183+00,2026-03-05 13:32:07.128183+00
15853,,野﨑 零也,Reiya Nozaki,日本,日本人選手,717,12,2026-02-24 05:57:28.719254+00,2026-02-24 05:57:28.719254+00
51000137,45863,上田 隼輔,Shunsuke Ueda,日本,日本人選手,3012,20,2026-03-05 13:32:07.128183+00,2026-03-05 13:32:07.128183+00
51000113,45864,飯尾 文哉,Fumiya Iio,日本,日本人選手,3012,22,2026-03-05 13:32:07.128183+00,2026-03-05 13:32:07.128183+00
5100000024,45865,キング 開,Kai King,日本,日本人選手,3012,23,2026-03-05 13:32:07.128183+00,2026-03-05 13:32:07.128183+00
51000111,45866,角田 太輝,Taiki Sumida,日本,日本人選手,3012,25,2026-03-05 13:32:07.128183+00,2026-03-05 13:32:07.128183+00
51000236,45867,湧川 颯斗,Hayato Wakugawa,日本,日本人選手,3012,34,2026-03-05 13:32:07.128183+00,2026-03-05 13:32:07.128183+00
5100000016,45869,八村 阿蓮,Allen Hachimura,日本,日本人選手,3012,88,2026-03-05 13:32:07.128183+00,2026-03-05 13:32:07.128183+00
5100000015,45871,川真田 紘也,Koya Kawamata,日本,日本人選手,3012,99,2026-03-05 13:32:07.128183+00,2026-03-05 13:32:07.128183+00
8463,,狩野 祐介,Yusuke Karino,日本,日本人選手,698,32,2026-02-24 05:57:28.719254+00,2026-02-24 05:57:28.719254+00
10849,,伊藤 達哉,Tatsuya Ito,日本,日本人選手,729,3,2026-02-24 05:57:28.719254+00,2026-02-24 05:57:28.719254+00
8494,,須田 侑太郎,Yutaro Suda,日本,日本人選手,729,11,2026-02-24 05:57:28.719254+00,2026-02-24 05:57:28.719254+00
8737,,船生 誠也,Seiya Funyu,日本,日本人選手,721,7,2026-02-24 05:57:28.719254+00,2026-02-24 05:57:28.719254+00
51000274,,大橋 大空,Hirotaka Ohashi,日本,日本人選手,720,10,2026-03-05 13:29:27.395803+00,2026-03-05 13:29:27.395803+00
51000114,,寺澤 大夢,Hiromu Terasawa,日本,日本人選手,692,10,2026-03-05 23:27:06.34015+00,2026-03-05 23:27:06.34015+00
32982,,角野 亮伍,Ryogo Sumino,日本,日本人選手,728,18,2026-02-24 05:57:28.719254+00,2026-02-24 05:57:28.719254+00
30349,,中村 浩陸,Hiromu Nakamura,日本,日本人選手,717,13,2026-02-24 05:57:28.719254+00,2026-02-24 05:57:28.719254+00
51000217,,満尾 竜次,Ryuji Mitsuo,日本,日本人選手,717,16,2026-03-05 13:29:27.395803+00,2026-03-05 13:29:27.395803+00
8683,,相馬 卓弥,Takuya Soma,日本,日本人選手,717,18,2026-03-03 07:36:27.495907+00,2026-03-03 07:36:27.495907+00
32958,,村岸 航,Wataru Murakishi,日本,日本人選手,703,14,2026-02-24 05:57:28.719254+00,2026-02-24 05:57:28.719254+00
10871,,小澤 智将,Tomomasa Ozawa,日本,日本人選手,699,9,2026-03-05 23:27:06.34015+00,2026-03-05 23:27:06.34015+00
19956,,シェーファー アヴィ幸樹,Avi Koki Schafer,日本,日本人選手,728,32,2026-02-24 05:57:28.719254+00,2026-02-24 05:57:28.719254+00
51000479,,陳岡 流羽,Ruu Jingaoka,日本,日本人選手,712,10,2026-03-03 08:46:17.378534+00,2026-03-03 08:46:17.378534+00
5100000015,,川真田 紘也,Koya Kawamata,日本,日本人選手,698,99,2026-02-24 05:57:28.719254+00,2026-02-24 05:57:28.719254+00
51000110,,井手 拓実,Takumi Ide,日本,日本人選手,700,5,2026-03-05 23:27:06.34015+00,2026-03-05 23:27:06.34015+00
5100000032,,駒沢 颯,Hayate Komasawa,日本,日本人選手,712,17,2026-02-24 05:57:28.719254+00,2026-02-24 05:57:28.719254+00
51000113,,飯尾 文哉,Fumiya Iio,日本,日本人選手,700,22,2026-02-24 05:57:28.719254+00,2026-02-24 05:57:28.719254+00
51000109,,小室 昂大,Takahiro Komuro,日本,日本人選手,699,56,2026-03-05 23:27:06.34015+00,2026-03-05 23:27:06.34015+00
22401,,岡田 泰希,Taiki Okada,日本,日本人選手,692,6,2026-02-24 05:57:28.719254+00,2026-02-24 05:57:28.719254+00
8840,,寒竹 隼人,Hayato Kantake,日本,日本人選手,692,12,2026-03-05 23:27:06.34015+00,2026-03-05 23:27:06.34015+00
51000425,,石川 裕大,Yudai Ishikawa,日本,日本人選手,703,15,2026-02-24 05:57:28.719254+00,2026-02-24 05:57:28.719254+00
8481,,片岡 大晴,Masaharu Kataoka,日本,日本人選手,692,91,2026-02-24 05:57:28.719254+00,2026-02-24 05:57:28.719254+00
8595,,加藤 寿一,Toshikazu Kato,日本,日本人選手,692,31,2026-03-05 23:27:06.34015+00,2026-03-05 23:27:06.34015+00
42537,,元澤 誠,Sei Motozawa,日本,日本人選手,728,5,2026-03-03 08:25:04.626419+00,2026-03-03 08:25:04.626419+00
51000369,,橋谷 真季,Manaki Hashiya,日本,日本人選手,712,23,2026-03-05 23:18:01.487539+00,2026-03-05 23:18:01.487539+00
55000076,,須藤 春輝,Haruki Sudo,日本,日本人選手,701,0,2026-03-05 13:32:07.128183+00,2026-03-05 13:32:07.128183+00
5100000021,,星川 堅信,Kenshin Hoshikawa,日本,日本人選手,745,18,2026-02-24 05:57:28.719254+00,2026-02-24 05:57:28.719254+00
55000868,,梅原 咲弥,Sakuya Umehara,日本,日本人選手,712,39,2026-03-05 23:18:01.487539+00,2026-03-05 23:18:01.487539+00
8721,,川村 卓也,Takuya Kawamura,日本,日本人選手,695,1,2026-03-05 23:46:42.722827+00,2026-03-05 23:46:42.722827+00
55000079,,平良 宗龍,Shutatsu Taira,日本,日本人選手,701,12,2026-03-05 23:46:42.722827+00,2026-03-05 23:46:42.722827+00
55000015,,山田 悠斗,Yuto Yamada,日本,日本人選手,53000072,5,2026-03-05 13:32:07.128183+00,2026-03-05 13:32:07.128183+00
55000423,,中西 真那斗,Manato Nakanishi,日本,日本人選手,53000072,6,2026-03-05 13:32:07.128183+00,2026-03-05 13:32:07.128183+00
55000719,,田中 大貴,Daiki Tanaka,日本,日本人選手,53000072,9,2026-03-04 03:25:39.414535+00,2026-03-04 03:25:39.414535+00
8487,,辻 直人,Naoto Tsuji,日本,日本人選手,721,3,2026-02-24 05:57:28.719254+00,2026-02-24 05:57:28.719254+00
5100000014,,佐土原 遼,Ryo Sadohara,日本,日本人選手,721,23,2026-02-24 05:57:28.719254+00,2026-02-24 05:57:28.719254+00
20025,,ナナー ダニエル弾,Danieldan Nnanna,日本,日本人選手,702,1,2026-02-24 05:57:28.719254+00,2026-02-24 05:57:28.719254+00
8509,,桜井 良太,Ryota Sakurai,日本,日本人選手,702,11,2026-03-05 13:29:27.395803+00,2026-03-05 13:29:27.395803+00
8584,,原 修太,Shuta Hara,日本,日本人選手,704,31,2026-02-24 05:57:28.719254+00,2026-02-24 05:57:28.719254+00
30401,,大庭 岳輝,Takeru Oba,日本,日本人選手,694,14,2026-02-24 05:57:28.719254+00,2026-02-24 05:57:28.719254+00
10851,,森井 健太,Kenta Morii,日本,日本人選手,694,18,2026-02-24 05:57:28.719254+00,2026-02-24 05:57:28.719254+00
51000285,,四家 魁人,Kaito Shike,日本,日本人選手,703,4,2026-02-24 05:57:28.719254+00,2026-02-24 05:57:28.719254+00
5100000024,,キング 開,Kai King,日本,日本人選手,694,23,2026-02-24 05:57:28.719254+00,2026-02-24 05:57:28.719254+00
32956,,須藤 昂矢,Koya Sudo,日本,日本人選手,694,30,2026-02-24 05:57:28.719254+00,2026-02-24 05:57:28.719254+00
12597,,宮崎 恭行,Yasuyuki Miyazaki,日本,日本人選手,717,1,2026-03-05 23:27:06.34015+00,2026-03-05 23:27:06.34015+00
20023,,松山 駿,Shun Matsuyama,日本,日本人選手,745,7,2026-02-24 05:57:28.719254+00,2026-02-24 05:57:28.719254+00
9264,,後藤 翔平,Shohei Goto,日本,日本人選手,720,1,2026-03-05 23:27:06.34015+00,2026-03-05 23:27:06.34015+00
51000564,,深水 虎太郎,Kotaro Fukami,日本,日本人選手,704,13,2026-03-03 08:46:17.378534+00,2026-03-03 08:46:17.378534+00
8503,,宇都 直輝,Naoki Uto,日本,日本人選手,835,13,2026-03-03 08:46:17.378534+00,2026-03-03 08:46:17.378534+00
51000518,,加藤 ダニエル,Daniel Kato,日本,日本人選手,704,44,2026-03-03 08:46:17.378534+00,2026-03-03 08:46:17.378534+00
15752,,岡田 雄三,Yuzo Okada,日本,日本人選手,696,3,2026-03-03 08:46:17.378534+00,2026-03-03 08:46:17.378534+00
8510,,西川 貴之,Takanobu Nishikawa,日本,日本人選手,700,7,2026-03-05 13:29:27.395803+00,2026-03-05 13:29:27.395803+00
55000077,,宜保 隼弥,shunya Gibo,日本,日本人選手,53000072,11,2026-03-05 13:32:07.128183+00,2026-03-05 13:32:07.128183+00
51000435,,田中 晴瑛,Haruaki Tanaka,日本,日本人選手,696,17,2026-03-03 08:46:17.378534+00,2026-03-03 08:46:17.378534+00
51000122,,石橋 侑磨,Yuma Ishibashi,日本,日本人選手,692,22,2026-02-24 05:57:28.719254+00,2026-02-24 05:57:28.719254+00
8736,,藤永 佳昭,Yoshiaki Fujinaga,日本,日本人選手,706,2,2026-03-03 08:46:17.378534+00,2026-03-03 08:46:17.378534+00
51000566,,浅井 弘士郎,Koshiro Asai,日本,日本人選手,700,51,2026-03-03 08:46:17.378534+00,2026-03-03 08:46:17.378534+00
51000201,,星野 零志,Reiji Hoshino,日本,日本人選手,700,11,2026-03-05 23:27:06.34015+00,2026-03-05 23:27:06.34015+00
55000960,,原田 ジョルジオ,Giorgio Harada,日本,日本人選手,53000072,12,2026-03-05 13:32:07.128183+00,2026-03-05 13:32:07.128183+00
10818,,高橋 耕陽,Koyo Takahashi,日本,日本人選手,702,8,2026-03-05 13:29:27.395803+00,2026-03-05 13:29:27.395803+00
10815,,安藤 周人,Shuto Ando,日本,日本人選手,706,9,2026-02-24 05:57:28.719254+00,2026-02-24 05:57:28.719254+00
5100000006,,池田 祐一,Yuichi Ikeda,日本,日本人選手,745,12,2026-03-03 08:46:17.378534+00,2026-03-03 08:46:17.378534+00
9033,,竹内 譲次,Joji Takeuchi,日本,日本人選手,700,15,2026-02-24 05:57:28.719254+00,2026-02-24 05:57:28.719254+00
9037,,田中 大貴,Daiki Tanaka,日本,日本人選手,706,24,2026-02-24 05:57:28.719254+00,2026-02-24 05:57:28.719254+00
51000457,,轟 琉維,Rui Todoroki,日本,日本人選手,1638,8,2026-03-03 08:46:17.378534+00,2026-03-03 08:46:17.378534+00
55000811,,西田 瑛久,Eku Nishida,日本,日本人選手,53000072,13,2026-03-05 13:32:07.128183+00,2026-03-05 13:32:07.128183+00
8587,,橋本 竜馬,Ryoma Hashimoto,日本,日本人選手,702,0,2026-02-24 05:57:28.719254+00,2026-02-24 05:57:28.719254+00
18478,,久岡 幸太郎,Kotaro Hisaoka,日本,日本人選手,712,14,2026-02-24 05:57:28.719254+00,2026-02-24 05:57:28.719254+00
30466,,佐藤 誠人,Makoto Sato,日本,日本人選手,713,14,2026-03-03 08:46:17.378534+00,2026-03-03 08:46:17.378534+00
8498,,熊谷 尚也,Naoya Kumagae,日本,日本人選手,727,27,2026-03-03 08:46:17.378534+00,2026-03-03 08:46:17.378534+00
30397,,栗原 翼,Tsubasa Kurihara,日本,日本人選手,693,2,2026-02-24 05:57:28.719254+00,2026-02-24 05:57:28.719254+00
8492,,長谷川 技,Takumi Hasegawa,日本,日本人選手,727,33,2026-02-24 05:57:28.719254+00,2026-02-24 05:57:28.719254+00
51000359,,黒川 虎徹,Kotetsu Kurokawa,日本,日本人選手,2486,3,2026-03-03 08:46:17.378534+00,2026-03-03 08:46:17.378534+00
8594,,長谷川 智也,Tomoya Hasegawa,日本,日本人選手,2486,8,2026-03-03 08:46:17.378534+00,2026-03-03 08:46:17.378534+00
8520,,杉本 慶,Kei Sugimoto,日本,日本人選手,2486,11,2026-03-03 08:46:17.378534+00,2026-03-03 08:46:17.378534+00
18429,,大崎 裕太,Yuta Osaki,日本,日本人選手,2486,16,2026-03-03 08:46:17.378534+00,2026-03-03 08:46:17.378534+00
8585,,小野 龍猛,Ryumo Ono,日本,日本人選手,696,0,2026-02-24 05:57:28.719254+00,2026-02-24 05:57:28.719254+00
51000352,,渡邉 伶音,Leon Watanabe,日本,日本人選手,2486,42,2026-03-03 08:46:17.378534+00,2026-03-03 08:46:17.378534+00
30404,,飴谷 由毅,Yoshiki Ametani,日本,日本人選手,696,2,2026-03-05 23:27:06.34015+00,2026-03-05 23:27:06.34015+00
18399,,長野 誠史,Satoshi Nagano,日本,日本人選手,728,7,2026-02-24 05:57:28.719254+00,2026-02-24 05:57:28.719254+00
51000323,,小玉 大智,Taichi Kodama,日本,日本人選手,716,4,2026-03-05 13:29:27.395803+00,2026-03-05 13:29:27.395803+00
8722,,石川 海斗,Kaito Ishikawa,日本,日本人選手,717,11,2026-03-05 13:29:27.395803+00,2026-03-05 13:29:27.395803+00
55000752,,服部 怜恩,Reon Hattori,日本,日本人選手,53000073,5,2026-03-05 13:32:07.128183+00,2026-03-05 13:32:07.128183+00
55000961,,栗原 琉空,Riku Kurihara,日本,日本人選手,53000073,9,2026-03-05 13:32:07.128183+00,2026-03-05 13:32:07.128183+00
51000341,,力久 嵩彪,Taiga Rikihisa,日本,日本人選手,1638,13,2026-03-05 09:16:30.233185+00,2026-03-05 09:16:30.233185+00
55000453,,小倉 貴志,Takashi Ogura,日本,日本人選手,53000073,11,2026-03-05 13:32:07.128183+00,2026-03-05 13:32:07.128183+00
55000009,,根本 晃,Ko Nemoto,日本,日本人選手,53000073,12,2026-03-05 13:32:07.128183+00,2026-03-05 13:32:07.128183+00
55000174,,松下 湊人,Minato Matsushita,日本,日本人選手,53000073,13,2026-03-05 13:32:07.128183+00,2026-03-05 13:32:07.128183+00
51000445,,新沼 康生,Kosei Niinuma,日本,日本人選手,692,24,2026-03-03 08:46:17.378534+00,2026-03-03 08:46:17.378534+00
55000463,,中田 直斗,Naoto Nakata,日本,日本人選手,53000073,14,2026-03-05 13:32:07.128183+00,2026-03-05 13:32:07.128183+00
51000552,,児玉 ジュニア,Junior Kodama,日本,日本人選手,697,33,2026-03-03 08:46:17.378534+00,2026-03-03 08:46:17.378534+00
55000826,,大越 海藍,Kai Ogoshi,日本,日本人選手,53000073,15,2026-03-05 13:32:07.128183+00,2026-03-05 13:32:07.128183+00
8734,,白濱 僚祐,Ryosuke Shirahama,日本,日本人選手,720,15,2026-02-24 05:57:28.719254+00,2026-02-24 05:57:28.719254+00
51000178,,ディクソンジュニア タリキ,Tariki DicksonJR,日本,日本人選手,2488,13,2026-02-24 05:57:28.719254+00,2026-02-24 05:57:28.719254+00
51000340,,井手 歩由夢,Ayumu Ide,日本,日本人選手,1638,12,2026-03-05 13:31:21.966767+00,2026-03-05 13:31:21.966767+00
26926,,ホール 百音 アレックス,Mone Alex Hall,日本,日本人選手,699,39,2026-03-03 08:46:17.378534+00,2026-03-03 08:46:17.378534+00
10844,,満田 丈太郎,Jotaro Mitsuda,日本,日本人選手,699,21,2026-03-05 23:27:06.34015+00,2026-03-05 23:27:06.34015+00
55000571,,松尾 和,Yamato Matsuo,日本,日本人選手,53000063,15,2026-03-05 13:32:07.128183+00,2026-03-05 13:32:07.128183+00
55000576,,倉光 晴,Haru Kuramitsu,日本,日本人選手,53000062,10,2026-03-05 13:32:07.128183+00,2026-03-05 13:32:07.128183+00
8449,,大塚 裕土,Yuto Otsuka,日本,日本人選手,835,24,2026-03-03 08:46:17.378534+00,2026-03-03 08:46:17.378534+00
51000354,,髙木 拓海,Takumi Takagi,日本,日本人選手,700,3,2026-02-24 05:57:28.719254+00,2026-02-24 05:57:28.719254+00
8456,,小島 元基,Genki Kojima,日本,日本人選手,726,10,2026-03-03 08:25:04.626419+00,2026-03-03 08:25:04.626419+00
51000498,,小澤 飛悠,Hiyuu Ozawa,日本,日本人選手,729,4,2026-03-03 08:46:17.378534+00,2026-03-03 08:46:17.378534+00
51000362,,西田 公陽,Koyo Nishida,日本,日本人選手,728,16,2026-02-24 05:57:28.719254+00,2026-02-24 05:57:28.719254+00
30468,,西野 曜,Yo Nishino,日本,日本人選手,726,12,2026-03-05 13:29:27.395803+00,2026-03-05 13:29:27.395803+00
51000499,,ジェイク幸輝・ホルツ,Jake koki Holtz,日本,日本人選手,729,23,2026-03-03 08:46:17.378534+00,2026-03-03 08:46:17.378534+00
9329,,渡辺 竜之佑,Ryunosuke Watanabe,日本,日本人選手,726,16,2026-03-03 08:46:17.378534+00,2026-03-03 08:46:17.378534+00
8493,,永吉 佑也,Yuya Nagayoshi,日本,日本人選手,726,43,2026-02-24 05:57:28.719254+00,2026-02-24 05:57:28.719254+00
55000818,,井伊 拓海,Takuni Ii,日本,日本人選手,53000072,10,2026-03-05 09:16:30.233185+00,2026-03-05 09:16:30.233185+00
19998,,盛實 海翔,Kaito Morizane,日本,日本人選手,726,44,2026-02-24 05:57:28.719254+00,2026-02-24 05:57:28.719254+00
33026,,森田 雄次,Yuji Morita,日本,日本人選手,2488,6,2026-03-03 08:46:17.378534+00,2026-03-03 08:46:17.378534+00
55000589,,西村 優真,Yuma Nishimura,日本,日本人選手,53000072,15,2026-03-03 08:46:17.378534+00,2026-03-03 08:46:17.378534+00
51000439,,塚本 智裕,Tomohiro Tsukamoto,日本,日本人選手,701,2,2026-03-03 08:25:04.626419+00,2026-03-03 08:25:04.626419+00
19755,,富永 啓生,Keisei Tominaga,日本,日本人選手,702,30,2026-03-03 08:46:17.378534+00,2026-03-03 08:46:17.378534+00
8537,,坂井 レオ,Leo Sakai,日本,日本人選手,698,13,2026-03-03 08:46:17.378534+00,2026-03-03 08:46:17.378534+00
51000470,,西田 陽成,Yosei Nishida,日本,日本人選手,698,14,2026-03-03 08:46:17.378534+00,2026-03-03 08:46:17.378534+00
51000467,,瀬川 琉久,Riku Segawa,日本,日本人選手,704,5,2026-03-03 08:46:17.378534+00,2026-03-03 08:46:17.378534+00
55000845,,林 空翔,Takato Hayashi,日本,日本人選手,53000073,8,2026-03-03 08:46:17.378534+00,2026-03-03 08:46:17.378534+00
15841,,東 宏輝,Hiroki Higashi,日本,日本人選手,696,71,2026-03-05 13:29:27.395803+00,2026-03-05 13:29:27.395803+00
51000361,,元田 大陽,Taiyo Motoda,日本,日本人選手,693,12,2026-02-24 05:57:28.719254+00,2026-02-24 05:57:28.719254+00
8571,,田渡 修人,Shuto Tawatari,日本,日本人選手,726,73,2026-03-05 23:27:06.34015+00,2026-03-05 23:27:06.34015+00
8650,,田臥 勇太,Yuta Tabuse,日本,日本人選手,703,0,2026-03-03 07:36:27.495907+00,2026-03-03 07:36:27.495907+00
51000562,,松本 秦,Shin Matsumoto,日本,日本人選手,703,21,2026-03-03 08:46:17.378534+00,2026-03-03 08:46:17.378534+00
55000123,,小川 瑛次郎,Eijiro Ogawa,日本,日本人選手,693,13,2026-03-03 08:46:17.378534+00,2026-03-03 08:46:17.378534+00
8501,,水戸 健史,Takeshi Mito,日本,日本人選手,696,9,2026-03-03 08:46:17.378534+00,2026-03-03 08:46:17.378534+00
55000977,,宮里 俊佑,Syunsuke Miyazato,日本,日本人選手,53000072,7,2026-03-03 08:46:17.378534+00,2026-03-03 08:46:17.378534+00
55000978,,福地 勇太,Yudai Fukuchi,日本,日本人選手,53000072,8,2026-03-03 08:46:17.378534+00,2026-03-03 08:46:17.378534+00
51000553,,江原 行佐,Isa Ehara,日本,日本人選手,694,77,2026-03-03 08:46:17.378534+00,2026-03-03 08:46:17.378534+00
55000968,,春田 結斗,Yuito Haruta,日本,日本人選手,729,27,2026-03-03 08:46:17.378534+00,2026-03-03 08:46:17.378534+00
55000979,,川邉 蒼侑,Ayuki Kawabe,日本,日本人選手,53000072,12,2026-03-03 08:46:17.378534+00,2026-03-03 08:46:17.378534+00
55000980,,中川 恵太,Keita Nakagawa,日本,日本人選手,53000072,13,2026-03-03 08:46:17.378534+00,2026-03-03 08:46:17.378534+00
55000981,,プラット 聖也,Sena Platt,日本,日本人選手,53000072,14,2026-03-03 08:46:17.378534+00,2026-03-03 08:46:17.378534+00
55000973,,高橋 秀成,Shusei Takahashi,日本,日本人選手,53000073,7,2026-03-03 08:46:17.378534+00,2026-03-03 08:46:17.378534+00
55000966,,安藤 煌太朗,Kotaro Ando,日本,日本人選手,702,19,2026-03-03 08:46:17.378534+00,2026-03-03 08:46:17.378534+00
55000974,,小松 亮太,Ryota Komatsu,日本,日本人選手,53000073,10,2026-03-03 08:46:17.378534+00,2026-03-03 08:46:17.378534+00
55000963,,長嶺 充来,Mirai Nagamine,日本,日本人選手,53000073,12,2026-03-03 08:46:17.378534+00,2026-03-03 08:46:17.378534+00
55000975,,三上 寛太,Kanta Mikami,日本,日本人選手,53000073,13,2026-03-03 08:46:17.378534+00,2026-03-03 08:46:17.378534+00
55000976,,エルマスリ アダム,Adam Elmasri,日本,日本人選手,53000073,14,2026-03-03 08:46:17.378534+00,2026-03-03 08:46:17.378534+00
33083,,ストックマンJr.　ケドリック,Kedrick Stockman Jr.,日本,日本人選手,717,2,2026-03-05 23:27:06.34015+00,2026-03-05 23:27:06.34015+00
22486,,鎌田 真,Makoto Kamata,日本,日本人選手,729,21,2026-03-03 08:46:17.378534+00,2026-03-03 08:46:17.378534+00
51000117,,小西 聖也,Seiya Konishi,日本,日本人選手,699,5,2026-02-24 05:57:28.719254+00,2026-02-24 05:57:28.719254+00
5100000017,,土家 大輝,Daiki Tsuchiya,日本,日本人選手,700,12,2026-02-24 05:57:28.719254+00,2026-02-24 05:57:28.719254+00
26876,,青木 龍史,Ryuji Aoki,日本,日本人選手,699,13,2026-03-05 13:29:27.395803+00,2026-03-05 13:29:27.395803+00
18475,,岡田 侑大,Yuta Okada,日本,日本人選手,716,77,2026-02-24 05:57:28.719254+00,2026-02-24 05:57:28.719254+00
51000228,,小川 敦也,Atsuya Ogawa,日本,日本人選手,703,7,2026-02-24 05:57:28.719254+00,2026-02-24 05:57:28.719254+00
8568,,鈴木 達也,Tatsuya Suzuki,日本,日本人選手,700,35,2026-02-24 05:57:28.719254+00,2026-02-24 05:57:28.719254+00
30463,,ジャワラ ジョゼフ,Joseph Diawara,日本,日本人選手,712,88,2026-03-03 08:46:17.378534+00,2026-03-03 08:46:17.378534+00
8499,,渡邉 裕規,Hironori Watanabe,日本,日本人選手,703,13,2026-02-24 05:57:28.719254+00,2026-02-24 05:57:28.719254+00
8529,,鵤 誠司,Seiji Ikaruga,日本,日本人選手,703,18,2026-02-24 05:57:28.719254+00,2026-02-24 05:57:28.719254+00
8657,,喜多川 修平,Shuhei Kitagawa,日本,日本人選手,703,31,2026-02-24 05:57:28.719254+00,2026-02-24 05:57:28.719254+00
9405,,森川 正明,Masaaki Morikawa,日本,日本人選手,694,9,2026-02-24 05:57:28.719254+00,2026-02-24 05:57:28.719254+00
51000276,,森口 弥,Hisashi Moriguchi,日本,日本人選手,697,11,2026-03-05 13:29:27.395803+00,2026-03-05 13:29:27.395803+00
10821,,中村 太地,Taichi Nakamura,日本,日本人選手,728,1,2026-03-03 08:46:17.378534+00,2026-03-03 08:46:17.378534+00
8588,,柏木 真介,Shinsuke Kashiwagi,日本,日本人選手,728,3,2026-03-03 08:25:04.626419+00,2026-03-03 08:25:04.626419+00
8496,,橋本 晃佑,Kosuke Hashimoto,日本,日本人選手,728,21,2026-03-03 08:46:17.378534+00,2026-03-03 08:46:17.378534+00
51000275,,ワイリー 光希スカイ,Kokisky Wiley,日本,日本人選手,720,20,2026-02-24 05:57:28.719254+00,2026-02-24 05:57:28.719254+00
8532,,北川 弘,Hiromu Kitagawa,日本,日本人選手,720,6,2026-02-24 05:57:28.719254+00,2026-02-24 05:57:28.719254+00
51000482,,十返 翔里,Shori Togaeri,日本,日本人選手,713,12,2026-03-03 08:46:17.378534+00,2026-03-03 08:46:17.378534+00
8470,,谷口 大智,Daichi Taniguchi,日本,日本人選手,720,55,2026-02-24 05:57:28.719254+00,2026-02-24 05:57:28.719254+00
8488,,谷口 光貴,Hiroki Taniguchi,日本,日本人選手,694,7,2026-03-03 08:46:17.378534+00,2026-03-03 08:46:17.378534+00
30438,,テーブス 海,Kai Toews,日本,日本人選手,698,7,2026-02-24 05:57:28.719254+00,2026-02-24 05:57:28.719254+00
51000236,,湧川 颯斗,Hayato Wakugawa,日本,日本人選手,698,34,2026-02-24 05:57:28.719254+00,2026-02-24 05:57:28.719254+00
20021,,吉井 裕鷹,Hirotaka Yoshii,日本,日本人選手,706,8,2026-02-24 05:57:28.719254+00,2026-02-24 05:57:28.719254+00
9031,,ザック・バランスキー,Zack Baranski,日本,日本人選手,706,10,2026-02-24 05:57:28.719254+00,2026-02-24 05:57:28.719254+00
15838,,平岩 玄,Gen Hiraiwa,日本,日本人選手,706,21,2026-02-24 05:57:28.719254+00,2026-02-24 05:57:28.719254+00
5100000012,,荒谷 裕秀,Hirohide Araya,日本,日本人選手,703,11,2026-02-24 05:57:28.719254+00,2026-02-24 05:57:28.719254+00
18167,,笠井 康平,Kohei Kasai,日本,日本人選手,703,3,2026-03-05 23:27:06.34015+00,2026-03-05 23:27:06.34015+00
9032,,菊地 祥平,Shohei Kikuchi,日本,日本人選手,706,13,2026-02-24 05:57:28.719254+00,2026-02-24 05:57:28.719254+00
51000132,,横地 聖真,Seishin Yokochi,日本,日本人選手,720,17,2026-03-04 03:25:39.414535+00,2026-03-04 03:25:39.414535+00
30402,,前田 怜緒,Reo Maeda,日本,日本人選手,716,15,2026-03-03 08:46:17.378534+00,2026-03-03 08:46:17.378534+00
51000174,,サイモン 拓海,Takumi Simon,日本,日本人選手,716,30,2026-03-05 13:29:27.395803+00,2026-03-05 13:29:27.395803+00
10842,,三ツ井 利也,Kazuya Mitsui,日本,日本人選手,716,31,2026-03-03 08:46:17.378534+00,2026-03-03 08:46:17.378534+00
51000138,,松本 礼太,Reita Matsumoto,日本,日本人選手,701,11,2026-03-03 08:25:04.626419+00,2026-03-03 08:25:04.626419+00
10263,,澤邉 圭太,Keita Sawabe,日本,日本人選手,692,7,2026-03-05 13:29:27.395803+00,2026-03-05 13:29:27.395803+00
30521,,ラシード ファラーズ,Faraz Rashid,日本,日本人選手,704,24,2026-02-24 05:57:28.719254+00,2026-02-24 05:57:28.719254+00
30469,,久保田 義章,Yoshiaki Kubota,日本,日本人選手,699,11,2026-02-24 05:57:28.719254+00,2026-02-24 05:57:28.719254+00
8589,,比江島 慎,Makoto Hiejima,日本,日本人選手,703,6,2026-02-24 05:57:28.719254+00,2026-02-24 05:57:28.719254+00
8497,,遠藤 祐亮,Yusuke Endo,日本,日本人選手,703,9,2026-02-24 05:57:28.719254+00,2026-02-24 05:57:28.719254+00
8512,,野口 大介,Daisuke Noguchi,日本,日本人選手,2488,23,2026-03-05 13:29:27.395803+00,2026-03-05 13:29:27.395803+00
8726,,竹内 公輔,Kosuke Takeuchi,日本,日本人選手,703,10,2026-02-24 05:57:28.719254+00,2026-02-24 05:57:28.719254+00
5100000011,,津屋 一球,Kazuma Tsuya,日本,日本人選手,726,28,2026-02-24 05:57:28.719254+00,2026-02-24 05:57:28.719254+00
8447,,ベンドラメ 礼生,Leo Vendrame,日本,日本人選手,726,9,2026-02-24 05:57:28.719254+00,2026-02-24 05:57:28.719254+00
15811,,佐藤 卓磨,Takuma Sato,日本,日本人選手,704,14,2026-02-24 05:57:28.719254+00,2026-02-24 05:57:28.719254+00
51000243,,喜志永 修斗,Shuto Kishinaga,日本,日本人選手,696,10,2026-03-05 13:29:27.395803+00,2026-03-05 13:29:27.395803+00
51000204,,浦野 泰斗,Taito Urano,日本,日本人選手,696,15,2026-03-05 23:27:06.34015+00,2026-03-05 23:27:06.34015+00
51000440,,富山 仁貴,Toshiki Tomiyama,日本,日本人選手,1638,21,2026-03-03 08:25:04.626419+00,2026-03-03 08:25:04.626419+00
9220,,田村 晋,Susumu Tamura,日本,日本人選手,745,17,2026-03-03 08:25:04.626419+00,2026-03-03 08:25:04.626419+00
9034,,松井 啓十郎,Keijuro Matsui,日本,日本人選手,696,16,2026-03-05 23:27:06.34015+00,2026-03-05 23:27:06.34015+00
51000137,,上田 隼輔,Shunsuke Ueda,日本,日本人選手,696,20,2026-03-03 08:46:17.378534+00,2026-03-03 08:46:17.378534+00
30347,,笹倉 怜寿,Reiju Sasakura,日本,日本人選手,706,33,2026-03-03 08:25:04.626419+00,2026-03-03 08:25:04.626419+00
30348,,小酒部 泰暉,Taiki Osakabe,日本,日本人選手,706,75,2026-02-24 05:57:28.719254+00,2026-02-24 05:57:28.719254+00
14301,,齋藤 拓実,Takumi Saito,日本,日本人選手,729,2,2026-02-24 05:57:28.719254+00,2026-02-24 05:57:28.719254+00
30351,,大倉 颯太,Sota Okura,日本,日本人選手,704,13,2026-02-24 05:57:28.719254+00,2026-02-24 05:57:28.719254+00
8479,,菊池 真人,Manato Kikuchi,日本,日本人選手,729,6,2026-02-24 05:57:28.719254+00,2026-02-24 05:57:28.719254+00
51000441,,山内 ジャヘル琉人,Jaheru Ryuto Yamauchi,日本,日本人選手,727,45,2026-03-03 08:25:04.626419+00,2026-03-03 08:25:04.626419+00
8516,,中東 泰斗,Taito Nakahigashi,日本,日本人選手,729,12,2026-02-24 05:57:28.719254+00,2026-02-24 05:57:28.719254+00
51000431,,菅野 ブルース,Bruce Kanno,日本,日本人選手,704,6,2026-03-03 08:25:04.626419+00,2026-03-03 08:25:04.626419+00
5100000027,,坂本 聖芽,Seiga Sakamoto,日本,日本人選手,729,60,2026-02-24 05:57:28.719254+00,2026-02-24 05:57:28.719254+00
51000428,,渡邊 雄太,Yuta Watanabe,日本,日本人選手,704,1,2026-02-24 05:57:28.719254+00,2026-02-24 05:57:28.719254+00
51000232,,淺野 ケニー,Kenny Asano,日本,日本人選手,699,16,2026-03-03 08:25:04.626419+00,2026-03-03 08:25:04.626419+00
5100000034,,ハーパー ジャン ジュニア,John Jr. Harper,日本,日本人選手,713,0,2026-03-03 08:25:04.626419+00,2026-03-03 08:25:04.626419+00
8483,,晴山 ケビン,Kevin Hareyama,日本,日本人選手,696,33,2026-02-24 05:57:28.719254+00,2026-02-24 05:57:28.719254+00
8701,,橋本 拓哉,Takuya Hashimoto,日本,日本人選手,700,14,2026-03-03 08:25:04.626419+00,2026-03-03 08:25:04.626419+00
20004,,林 瑛司,Eiji Hayashi,日本,日本人選手,717,6,2026-03-05 23:27:06.34015+00,2026-03-05 23:27:06.34015+00
51000577,,佐藤 凪,Nagi Sato,日本,日本人選手,694,11,2026-03-03 08:46:17.378534+00,2026-03-03 08:46:17.378534+00
51000133,,岡島 和真,Kazuma Okajima,日本,日本人選手,692,3,2026-03-03 08:46:17.378534+00,2026-03-03 08:46:17.378534+00
14302,,今村 佳太,Keita Imamura,日本,日本人選手,701,30,2026-03-03 08:25:04.626419+00,2026-03-03 08:25:04.626419+00
42616,,狩野 富成,Toyoshige Kano,日本,日本人選手,726,14,2026-03-03 08:46:17.378534+00,2026-03-03 08:46:17.378534+00
42539,,小栗 瑛哉,Akitoshi Oguri,日本,日本人選手,693,20,2026-02-24 05:57:28.719254+00,2026-02-24 05:57:28.719254+00
51000502,,須藤 タイレル拓,Tyrell Taku Sudo,日本,日本人選手,717,6,2026-03-03 08:46:17.378534+00,2026-03-03 08:46:17.378534+00
49518,,伊藤 治輝,Haruki Ito,日本,日本人選手,717,7,2026-03-03 08:46:17.378534+00,2026-03-03 08:46:17.378534+00
51000350,,菊地 広人,Hiroto Kikuchi,日本,日本人選手,702,6,2026-02-24 05:57:28.719254+00,2026-02-24 05:57:28.719254+00
51000501,,マイロ・マーフィー,Mylo Murphy,日本,日本人選手,717,15,2026-03-03 08:46:17.378534+00,2026-03-03 08:46:17.378534+00
51000491,,伊久江 ロイ英輝,Roy Hideki Igwe,日本,日本人選手,727,2,2026-03-03 08:46:17.378534+00,2026-03-03 08:46:17.378534+00
51000446,,市場 脩斗,Shuto Ichiba,日本,日本人選手,745,13,2026-03-03 08:25:04.626419+00,2026-03-03 08:25:04.626419+00
10848,,中山 拓哉,Takuya Nakayama,日本,日本人選手,693,17,2026-02-24 05:57:28.719254+00,2026-02-24 05:57:28.719254+00
15829,,長谷川 暢,Noboru Hasegawa,日本,日本人選手,693,21,2026-02-24 05:57:28.719254+00,2026-02-24 05:57:28.719254+00
51000554,,岡田 大河,Taiga Okada,日本,日本人選手,727,55,2026-03-03 08:46:17.378534+00,2026-03-03 08:46:17.378534+00
51000234,,島谷 怜,Ren Shimatani,日本,日本人選手,702,15,2026-02-24 05:57:28.719254+00,2026-02-24 05:57:28.719254+00
10850,,関野 剛平,Kohei Sekino,日本,日本人選手,726,1,2026-02-24 05:57:28.719254+00,2026-02-24 05:57:28.719254+00
8580,,西村 文男,Fumio Nishimura,日本,日本人選手,704,11,2026-02-24 05:57:28.719254+00,2026-02-24 05:57:28.719254+00
51000380,,神田 壮一郎,Soichiro Kanda,日本,日本人選手,717,17,2026-02-24 05:57:28.719254+00,2026-02-24 05:57:28.719254+00
8582,,荒尾 岳,Gaku Arao,日本,日本人選手,704,25,2026-02-24 05:57:28.719254+00,2026-02-24 05:57:28.719254+00
8517,,笹山 貴哉,Takaya Sasayama,日本,日本人選手,717,21,2026-03-03 07:36:27.495907+00,2026-03-03 07:36:27.495907+00
22491,,森山 修斗,Naoto Moriyama,日本,日本人選手,698,77,2026-02-24 05:57:28.719254+00,2026-02-24 05:57:28.719254+00
8507,,多嶋 朝飛,Asahi Tajima,日本,日本人選手,712,8,2026-02-24 05:57:28.719254+00,2026-02-24 05:57:28.719254+00
33040,,ロバーツ ケイン,Kaine Roberts,日本,日本人選手,721,4,2026-02-24 05:57:28.719254+00,2026-02-24 05:57:28.719254+00
8645,,五十嵐 圭,Kei Igarashi,日本,日本人選手,713,7,2026-03-05 13:29:27.395803+00,2026-03-05 13:29:27.395803+00
5100000016,,八村 阿蓮,Allen Hachimura,日本,日本人選手,713,8,2026-02-24 05:57:28.719254+00,2026-02-24 05:57:28.719254+00
8486,,野本 建吾,Kengo Nomoto,日本,日本人選手,713,11,2026-02-24 05:57:28.719254+00,2026-02-24 05:57:28.719254+00
32953,,菅原 暉,Teru Sugawara,日本,日本人選手,713,14,2026-02-24 05:57:28.719254+00,2026-02-24 05:57:28.719254+00
8448,,アキ・チェンバース,Aki Chambers,日本,日本人選手,713,15,2026-03-05 13:29:27.395803+00,2026-03-05 13:29:27.395803+00
9489,,並里 成,Narito Namizato,日本,日本人選手,713,16,2026-02-24 05:57:28.719254+00,2026-02-24 05:57:28.719254+00
51000311,,大庭 圭太郎,Keitaro Ohba,日本,日本人選手,712,18,2026-02-24 05:57:28.719254+00,2026-02-24 05:57:28.719254+00
51000108,,星野 京介,Kyosuke Hoshino,日本,日本人選手,698,17,2026-02-24 05:57:28.719254+00,2026-02-24 05:57:28.719254+00
8504,,山崎 稜,Ryo Yamazaki,日本,日本人選手,713,30,2026-02-24 05:57:28.719254+00,2026-02-24 05:57:28.719254+00
51000349,,木林 優,Yu Kibayashi,日本,日本人選手,2488,8,2026-02-24 05:57:28.719254+00,2026-02-24 05:57:28.719254+00
51000443,,平松 克樹,Katsuki Hiramatsu,日本,日本人選手,717,12,2026-03-03 08:25:04.626419+00,2026-03-03 08:25:04.626419+00
55000162,,大森 康瑛,Kouei Omori,日本,日本人選手,53000062,11,2026-02-24 05:57:28.719254+00,2026-02-24 05:57:28.719254+00
51000190,,山崎 凜,Rin Yamazaki,日本,日本人選手,717,90,2026-02-24 05:57:28.719254+00,2026-02-24 05:57:28.719254+00
8658,,山内 盛久,Morihisa Yamauchi,日本,日本人選手,697,32,2026-02-24 05:57:28.719254+00,2026-02-24 05:57:28.719254+00
51000112,,二上 耀,Hikaru Futagami,日本,日本人選手,704,9,2026-03-03 08:46:17.378534+00,2026-03-03 08:46:17.378534+00
55000971,,丹野 路和,Rowa Tanno,日本,日本人選手,692,77,2026-03-03 08:46:17.378534+00,2026-03-03 08:46:17.378534+00
8653,,大宮 宏正,Hiromasa Omiya,日本,日本人選手,697,44,2026-03-05 23:32:08.441358+00,2026-03-05 23:32:08.441358+00
51000473,,福永 健太,Kenta Fukunaga,日本,日本人選手,1638,6,2026-03-05 09:16:30.233185+00,2026-03-05 09:16:30.233185+00
51000267,,金近 廉,Ren Kanechika,日本,日本人選手,704,12,2026-02-24 05:57:28.719254+00,2026-02-24 05:57:28.719254+00
51000353,,内尾 聡理,Sori Uchio,日本,日本人選手,704,18,2026-02-24 05:57:28.719254+00,2026-02-24 05:57:28.719254+00
10258,,土屋 アリスター時生,Alistair Tokio Tsuchiya,日本,日本人選手,697,77,2026-02-24 05:57:28.719254+00,2026-02-24 05:57:28.719254+00
51000388,,岡部 雅大,Masahiro Okabe,日本,日本人選手,699,11,2026-03-03 08:25:04.626419+00,2026-03-03 08:25:04.626419+00
5100000026,,笹山 陸,Riku Sasayama,日本,日本人選手,694,2,2026-03-03 08:25:04.626419+00,2026-03-03 08:25:04.626419+00
51000468,,前野 幹太,Kanta Maeno,日本,日本人選手,694,10,2026-03-03 08:46:17.378534+00,2026-03-03 08:46:17.378534+00
51000344,,永野 威旺,Io Nagano,日本,日本人選手,2488,10,2026-03-05 09:16:30.233185+00,2026-03-05 09:16:30.233185+00
51000307,,市川 真人,Masato Ichikawa,日本,日本人選手,721,1,2026-02-24 05:57:28.719254+00,2026-02-24 05:57:28.719254+00
51000486,,崎濱 秀斗,Shuto Sakihama,日本,日本人選手,701,17,2026-03-03 08:46:17.378534+00,2026-03-03 08:46:17.378534+00
30443,,ウィタカ ケンタ,Kenta Whitaker,日本,日本人選手,701,27,2026-03-03 08:46:17.378534+00,2026-03-03 08:46:17.378534+00
30396,,三谷 桂司朗,Keijiro Mitani,日本,日本人選手,721,34,2026-02-24 05:57:28.719254+00,2026-02-24 05:57:28.719254+00
9214,,横塚 蛍,Hotaru Yokotsuka,日本,日本人選手,745,3,2026-03-05 09:16:30.233185+00,2026-03-05 09:16:30.233185+00
51000345,,菅原 佳依,Kai Sugawara,日本,日本人選手,745,28,2026-03-03 08:46:17.378534+00,2026-03-03 08:46:17.378534+00
51000389,,平 寿哉,Toshiya Taira,日本,日本人選手,728,9,2026-03-03 08:25:04.626419+00,2026-03-03 08:25:04.626419+00
55000969,,小川 莞大,Kanta Ogawa,日本,日本人選手,729,4,2026-03-03 08:46:17.378534+00,2026-03-03 08:46:17.378534+00
55000970,,梶原 悠真,Yuma Kajiwara,日本,日本人選手,698,15,2026-03-03 08:46:17.378534+00,2026-03-03 08:46:17.378534+00
51000454,,根本 大,Dai Nemoto,日本,日本人選手,697,20,2026-03-03 08:46:17.378534+00,2026-03-03 08:46:17.378534+00
51000202,,内藤 耀悠,Teruchika Naito,日本,日本人選手,702,34,2026-02-24 05:57:28.719254+00,2026-02-24 05:57:28.719254+00
30511,,金久保 翔,Kakeru Kanakubo,日本,日本人選手,693,33,2026-03-05 09:16:30.233185+00,2026-03-05 09:16:30.233185+00
51000461,,星川 開聖,Kaisei Hoshikawa,日本,日本人選手,703,17,2026-03-03 08:46:17.378534+00,2026-03-03 08:46:17.378534+00
51000458,,介川 アンソニー翔,Anthony Sho Sukegawa,日本,日本人選手,720,7,2026-03-03 08:46:17.378534+00,2026-03-03 08:46:17.378534+00
30457,,多田 武史,Takeshi Tada,日本,日本人選手,693,22,2026-03-05 23:27:06.34015+00,2026-03-05 23:27:06.34015+00
10878,,保岡 龍斗,Ryuto Yasuoka,日本,日本人選手,693,24,2026-02-24 05:57:28.719254+00,2026-02-24 05:57:28.719254+00
8500,,古川 孝敏,Takatoshi Furukawa,日本,日本人選手,693,51,2026-02-24 05:57:28.719254+00,2026-02-24 05:57:28.719254+00
51000123,,松下 裕汰,Yuta Matsushita,日本,日本人選手,702,66,2026-02-24 05:57:28.719254+00,2026-02-24 05:57:28.719254+00
30465,,赤穂 雷太,Raita Akaho,日本,日本人選手,694,6,2026-02-24 05:57:28.719254+00,2026-02-24 05:57:28.719254+00
8565,,太田 敦也,Atsuya Ota,日本,日本人選手,697,8,2026-02-24 05:57:28.719254+00,2026-02-24 05:57:28.719254+00
15835,,卜部 兼慎,Kenshin Urabe,日本,日本人選手,728,24,2026-03-05 13:29:27.395803+00,2026-03-05 13:29:27.395803+00
51000213,,荻沼 隼佑,Shunsuke Oginuma,日本,日本人選手,712,10,2026-03-05 23:27:06.34015+00,2026-03-05 23:27:06.34015+00
51000212,,山口 哲平,Teppei Yamaguchi,日本,日本人選手,712,23,2026-03-05 23:27:06.34015+00,2026-03-05 23:27:06.34015+00
8688,,根來 新之助,Shinnosuke Negoro,日本,日本人選手,697,15,2026-03-05 13:29:27.395803+00,2026-03-05 13:29:27.395803+00
15834,,半澤 凌太,Ryota Hanzawa,日本,日本人選手,697,23,2026-02-24 05:57:28.719254+00,2026-02-24 05:57:28.719254+00
55000567,,佐取 龍之介,Ryunosuke Satori,日本,日本人選手,53000063,7,2026-03-03 08:25:04.626419+00,2026-03-03 08:25:04.626419+00
30400,,寺嶋 良,Ryo Terashima,日本,日本人選手,721,0,2026-03-03 08:46:17.378534+00,2026-03-03 08:46:17.378534+00
8534,,朝山 正悟,Shogo Asayama,日本,日本人選手,721,2,2026-03-05 13:29:27.395803+00,2026-03-05 13:29:27.395803+00
32995,,アイザイア・マーフィー,Isaiah Murphy,日本,日本人選手,721,5,2026-02-24 05:57:28.719254+00,2026-02-24 05:57:28.719254+00
45870,5100000049,渡邉 飛勇,Hugh Watanabe,日本,日本人選手,701,9,2026-03-05 13:31:21.966767+00,2026-03-05 13:31:21.966767+00
51000155,,鎌田 隼,Hayato Kamata,日本,日本人選手,696,21,2026-03-03 08:46:17.378534+00,2026-03-03 08:46:17.378534+00
8655,,岸本 隆一,Ryuichi Kishimoto,日本,日本人選手,701,14,2026-02-24 05:57:28.719254+00,2026-02-24 05:57:28.719254+00
30434,,松脇 圭志,Yoshiyuki Matsuwaki,日本,日本人選手,701,15,2026-02-24 05:57:28.719254+00,2026-02-24 05:57:28.719254+00
8656,,田代 直希,Naoki Tashiro,日本,日本人選手,701,24,2026-02-24 05:57:28.719254+00,2026-02-24 05:57:28.719254+00
51000581,,稲田 貫大,Kanta Inada,日本,日本人選手,745,23,2026-03-03 08:46:17.378534+00,2026-03-03 08:46:17.378534+00
51000584,,金山 颯,Hayate Kanayama,日本,日本人選手,720,2,2026-03-03 08:46:17.378534+00,2026-03-03 08:46:17.378534+00
51000586,,岩下 准平,Junpei Iwashita,日本,日本人選手,698,2,2026-03-03 08:46:17.378534+00,2026-03-03 08:46:17.378534+00
51000583,,赤間 賢人,Kento Akama,日本,日本人選手,712,12,2026-03-03 08:46:17.378534+00,2026-03-03 08:46:17.378534+00
8756,,小野寺 祥太,Shota Onodera,日本,日本人選手,701,34,2026-02-24 05:57:28.719254+00,2026-02-24 05:57:28.719254+00
51000585,,西部 秀馬,Shuma Nishibe,日本,日本人選手,699,7,2026-03-03 08:46:17.378534+00,2026-03-03 08:46:17.378534+00
51000464,,泉 登翔,Towa Izumi,日本,日本人選手,721,11,2026-03-03 08:46:17.378534+00,2026-03-03 08:46:17.378534+00
51000590,,田中 流嘉州,Lucas Tanaka,日本,日本人選手,2488,32,2026-03-03 08:46:17.378534+00,2026-03-03 08:46:17.378534+00
51000588,,堀 陽稀,Haruki Hori,日本,日本人選手,745,13,2026-03-03 08:46:17.378534+00,2026-03-03 08:46:17.378534+00
30398,,牧 隼利,Hayato Maki,日本,日本人選手,701,88,2026-02-24 05:57:28.719254+00,2026-02-24 05:57:28.719254+00
51000589,,佐古 竜誠,Ryusei Sako,日本,日本人選手,721,14,2026-03-03 08:46:17.378534+00,2026-03-03 08:46:17.378534+00
51000591,,新井 楽人,Gakuto Arai,日本,日本人選手,694,6,2026-03-03 08:46:17.378534+00,2026-03-03 08:46:17.378534+00
5100000022,,米須 玲音,Reoto Yonesu,日本,日本人選手,727,11,2026-03-03 08:25:04.626419+00,2026-03-03 08:25:04.626419+00
51000283,,高橋 幸,Ko Takahashi,日本,日本人選手,702,37,2026-03-05 13:29:27.395803+00,2026-03-05 13:29:27.395803+00
5100000033,,小川 麻斗,Asato Ogawa,日本,日本人選手,704,3,2026-02-24 05:57:28.719254+00,2026-02-24 05:57:28.719254+00
5100000030,,植松 義也,Yoshiya Uematsu,日本,日本人選手,701,8,2026-02-24 05:57:28.719254+00,2026-02-24 05:57:28.719254+00
51000188,,高橋 快成,Kaisei Takahashi,日本,日本人選手,697,5,2026-03-03 08:46:17.378534+00,2026-03-03 08:46:17.378534+00
8839,,岡本 飛竜,Hiryu Okamoto,日本,日本人選手,706,3,2026-03-03 07:36:27.495907+00,2026-03-03 07:36:27.495907+00
51000376,,大石 空汰,Sorata Oishi,日本,日本人選手,1638,17,2026-03-05 23:18:01.487539+00,2026-03-05 23:18:01.487539+00
26889,,中西 佑介,Yusuke Nakanishi,日本,日本人選手,1638,66,2026-03-03 08:25:04.626419+00,2026-03-03 08:25:04.626419+00
51000230,,武内 理貴,Riki Takeuchi,日本,日本人選手,721,17,2026-02-24 05:57:28.719254+00,2026-02-24 05:57:28.719254+00
55000578,,関谷 間,Aima Sekiya,日本,日本人選手,704,00,2026-03-03 08:25:04.626419+00,2026-03-03 08:25:04.626419+00
8739,,中務 敏宏,Toshihiro Nakatsuka,日本,日本人選手,729,18,2026-02-24 05:57:28.719254+00,2026-02-24 05:57:28.719254+00
9044,,福澤 晃平,Kohei Fukuzawa,日本,日本人選手,712,2,2026-02-24 05:57:28.719254+00,2026-02-24 05:57:28.719254+00
15816,,林 翔太郎,Shotaro Hayashi,日本,日本人選手,712,33,2026-03-05 23:27:06.34015+00,2026-03-05 23:27:06.34015+00
19957,,熊谷 航,Ko Kumagai,日本,日本人選手,716,11,2026-02-24 05:57:28.719254+00,2026-02-24 05:57:28.719254+00
18428,,栗原 ルイス,Louis Kurihara,日本,日本人選手,716,12,2026-03-05 13:29:27.395803+00,2026-03-05 13:29:27.395803+00
30436,,星野 曹樹,Tomoki Hoshino,日本,日本人選手,713,2,2026-02-24 05:57:28.719254+00,2026-02-24 05:57:28.719254+00
51000167,,鍵冨 太雅,Taiga Kagitomi,日本,日本人選手,712,24,2026-03-05 13:29:27.395803+00,2026-03-05 13:29:27.395803+00
30512,,杉本 天昇,Tensho Sugimoto,日本,日本人選手,695,10,2026-02-24 05:57:28.719254+00,2026-02-24 05:57:28.719254+00
5100000066,,木村 圭吾,Keigo Kimura,日本,日本人選手,695,14,2026-03-05 13:29:27.395803+00,2026-03-05 13:29:27.395803+00
20037,,佐々木 隆成,Ryusei Sasaki,日本,日本人選手,697,24,2026-02-24 05:57:28.719254+00,2026-02-24 05:57:28.719254+00
8476,,池田 雄一,Yuichi Ikeda,日本,日本人選手,695,32,2026-03-05 23:27:06.34015+00,2026-03-05 23:27:06.34015+00
5100000044,,遠藤 善,Zen Endo,日本,日本人選手,695,34,2026-02-24 05:57:28.719254+00,2026-02-24 05:57:28.719254+00
20003,,玉木 祥護,Shogo Tamaki,日本,日本人選手,695,65,2026-03-05 23:27:06.34015+00,2026-03-05 23:27:06.34015+00
8462,,小林 遥太,Ryota Kobayashi,日本,日本人選手,692,0,2026-03-05 13:29:27.395803+00,2026-03-05 13:29:27.395803+00
51000150,,モサク オルワダミロラ 雄太 ジョセフ,Oluwadamilola Yuta Joseph Mosaku,日本,日本人選手,695,2,2026-02-24 05:57:28.719254+00,2026-02-24 05:57:28.719254+00
5100000025,,兪 龍海,Tatsumi Yu,日本,日本人選手,697,15,2026-02-24 05:57:28.719254+00,2026-02-24 05:57:28.719254+00
8557,,村越 圭佑,Keisuke Murakoshi,日本,日本人選手,726,92,2026-02-24 05:57:28.719254+00,2026-02-24 05:57:28.719254+00
51000180,,マーフィージュニア トロイ,Troy Murphy Jr.,日本,日本人選手,696,4,2026-02-24 05:57:28.719254+00,2026-02-24 05:57:28.719254+00
9310,,山下 泰弘,Yasuhiro Yamashita,日本,日本人選手,1638,5,2026-02-24 05:57:28.719254+00,2026-02-24 05:57:28.719254+00
18461,,岸田 篤生,Atsuki Kishida,日本,日本人選手,1638,20,2026-02-24 05:57:28.719254+00,2026-02-24 05:57:28.719254+00
8468,,田口 成浩,Shigehiro Taguchi,日本,日本人選手,693,5,2026-02-24 05:57:28.719254+00,2026-02-24 05:57:28.719254+00
5100000039,,上澤 俊喜,Toshiki Kamisawa,日本,日本人選手,721,10,2026-02-24 05:57:28.719254+00,2026-02-24 05:57:28.719254+00
51000342,,阿部 真冴橙,Masato Abe,日本,日本人選手,692,96,2026-03-03 08:46:17.378534+00,2026-03-03 08:46:17.378534+00
22497,,コー・フリッピン,Koh Flippin,日本,日本人選手,701,4,2026-02-24 05:57:28.719254+00,2026-02-24 05:57:28.719254+00
30513,,大浦 颯太,Sota Oura,日本,日本人選手,693,3,2026-02-24 05:57:28.719254+00,2026-02-24 05:57:28.719254+00
8727,,川嶋 勇人,Hayato Kawashima,日本,日本人選手,693,12,2026-02-24 05:57:28.719254+00,2026-02-24 05:57:28.719254+00
30519,,細川 一輝,Kazuki Hosokawa,日本,日本人選手,697,29,2026-02-24 05:57:28.719254+00,2026-02-24 05:57:28.719254+00
18845,,中村 功平,Kohei Nakamura,日本,日本人選手,712,13,2026-02-24 05:57:28.719254+00,2026-02-24 05:57:28.719254+00
30437,,山口 颯斗,Hayato Yamaguchi,日本,日本人選手,712,17,2026-02-24 05:57:28.719254+00,2026-02-24 05:57:28.719254+00
8561,,平尾 充庸,Atsunobu Hirao,日本,日本人選手,712,25,2026-02-24 05:57:28.719254+00,2026-02-24 05:57:28.719254+00
12599,,冨岡 大地,Daichi Tomioka,日本,日本人選手,695,5,2026-03-05 23:27:06.34015+00,2026-03-05 23:27:06.34015+00
51000322,,山本 楓己,Fuki Yamamoto,日本,日本人選手,716,5,2026-03-05 13:29:27.395803+00,2026-03-05 13:29:27.395803+00
51000116,,脇 真大,Masahiro Waki,日本,日本人選手,701,18,2026-02-24 05:57:28.719254+00,2026-02-24 05:57:28.719254+00
30526,,渡辺 翔太,Shota Watanabe,日本,日本人選手,692,15,2026-02-24 05:57:28.719254+00,2026-02-24 05:57:28.719254+00
5100000023,,中村 拓人,Takuto Nakamura,日本,日本人選手,721,12,2026-02-24 05:57:28.719254+00,2026-02-24 05:57:28.719254+00
8446,,伊藤 駿,Takashi Ito,日本,日本人選手,693,16,2026-03-05 13:29:27.395803+00,2026-03-05 13:29:27.395803+00
30458,,荒川 颯,Hayate Arakawa,日本,日本人選手,702,10,2026-02-24 05:57:28.719254+00,2026-02-24 05:57:28.719254+00
51000231,,高橋 克実,Katsumi Takahashi,日本,日本人選手,704,7,2026-03-05 23:41:53.163476+00,2026-03-05 23:41:53.163476+00
51000136,,野﨑 由之,Yoshiyuki Nozaki,日本,日本人選手,696,3,2026-03-05 13:29:27.395803+00,2026-03-05 13:29:27.395803+00
30403,,西田 優大,Yudai Nishida,日本,日本人選手,728,19,2026-02-24 05:57:28.719254+00,2026-02-24 05:57:28.719254+00
8467,,安藤 誓哉,Seiya Ando,日本,日本人選手,720,3,2026-02-24 05:57:28.719254+00,2026-02-24 05:57:28.719254+00
15756,,阿部 諒,Ryo Abe,日本,日本人選手,720,13,2026-02-24 05:57:28.719254+00,2026-02-24 05:57:28.719254+00
8654,,津山 尚大,Shota Tsuyama,日本,日本人選手,720,26,2026-02-24 05:57:28.719254+00,2026-02-24 05:57:28.719254+00
10852,,水野 幹太,Kanta Mizuno,日本,日本人選手,699,3,2026-03-03 08:25:04.626419+00,2026-03-03 08:25:04.626419+00
8738,,張本 天傑,Tenketsu Harimoto,日本,日本人選手,729,8,2026-02-24 05:57:28.719254+00,2026-02-24 05:57:28.719254+00
32984,,エリエット・ドンリー,Eliet Donley,日本,日本人選手,700,3,2026-03-05 13:29:27.395803+00,2026-03-05 13:29:27.395803+00
8690,,合田 怜,Rei Goda,日本,日本人選手,700,20,2026-02-24 05:57:28.719254+00,2026-02-24 05:57:28.719254+00
20034,,木下 誠,Makoto Kinoshita,日本,日本人選手,700,31,2026-02-24 05:57:28.719254+00,2026-02-24 05:57:28.719254+00
22405,,鶴巻 啓太,Keita Tsurumaki,日本,日本人選手,712,29,2026-02-24 05:57:28.719254+00,2026-02-24 05:57:28.719254+00
55000510,,木戸 龍斗,Ryuto Kido,日本,日本人選手,53000063,4,2026-03-05 23:42:09.497423+00,2026-03-05 23:42:09.497423+00
55000565,,稲葉 耕佑,Kosuke Inaba,日本,日本人選手,53000063,5,2026-03-05 23:42:09.497423+00,2026-03-05 23:42:09.497423+00
55000566,,藤原 拓海,Takumi Fujiwara,日本,日本人選手,53000063,6,2026-03-05 23:42:09.497423+00,2026-03-05 23:42:09.497423+00
55000569,,木山 大輔,Daisuke Kiyama,日本,日本人選手,53000063,10,2026-03-05 23:42:09.497423+00,2026-03-05 23:42:09.497423+00
55000424,,佐藤 遼乙,Haruto Sato,日本,日本人選手,53000063,12,2026-03-05 23:42:09.497423+00,2026-03-05 23:42:09.497423+00
55000067,,五明 一真,Kazuma Gomyo,日本,日本人選手,53000063,13,2026-03-05 23:42:09.497423+00,2026-03-05 23:42:09.497423+00
10832,,澁田 怜音,Reon Shibuta,日本,日本人選手,695,3,2026-02-24 05:57:28.719254+00,2026-02-24 05:57:28.719254+00
51000124,,宇都宮 陸,Riku Utsunomiya,日本,日本人選手,706,12,2026-03-05 09:16:30.233185+00,2026-03-05 09:16:30.233185+00
15817,,青木 保憲,Yasunori Aoki,日本,日本人選手,692,14,2026-02-24 05:57:28.719254+00,2026-02-24 05:57:28.719254+00
8528,,田中 成也,Seiya Tanaka,日本,日本人選手,692,30,2026-03-05 23:32:08.441358+00,2026-03-05 23:32:08.441358+00
8592,,金丸 晃輔,Kosuke Kanamaru,日本,日本人選手,697,14,2026-02-24 05:57:28.719254+00,2026-02-24 05:57:28.719254+00
51000222,,今西 優斗,Yuto Imanishi,日本,日本人選手,729,7,2026-02-24 05:57:28.719254+00,2026-02-24 05:57:28.719254+00
55000570,,山本 奨,Masashi Yamamoto,日本,日本人選手,53000063,14,2026-03-05 23:42:09.497423+00,2026-03-05 23:42:09.497423+00
55000572,,藤井 大,Yamato Fujii,日本,日本人選手,53000062,4,2026-03-05 23:42:09.497423+00,2026-03-05 23:42:09.497423+00
55000574,,山﨑 成隆,Naritaka Yamazaki,日本,日本人選手,53000062,6,2026-03-05 23:42:09.497423+00,2026-03-05 23:42:09.497423+00
55000363,,李 子浩,Kohiro Lee,日本,日本人選手,53000062,9,2026-03-05 23:42:09.497423+00,2026-03-05 23:42:09.497423+00
55000450,,藤井 暖,Non Fujii,日本,日本人選手,53000062,12,2026-03-05 23:42:09.497423+00,2026-03-05 23:42:09.497423+00
55000219,,南 拓摩,Takuma Minami,日本,日本人選手,53000062,13,2026-03-05 23:42:09.497423+00,2026-03-05 23:42:09.497423+00
55000308,,菅野　楓太,Futa Sugano,日本,日本人選手,53000062,14,2026-03-05 23:42:09.497423+00,2026-03-05 23:42:09.497423+00
55000575,,村岡 遥斗,Haruto Muraoka,日本,日本人選手,53000062,15,2026-03-05 23:42:09.497423+00,2026-03-05 23:42:09.497423+00
51000225,,平岡 勇人,Yuto Hiraoka,日本,日本人選手,694,31,2026-03-05 23:41:53.163476+00,2026-03-05 23:41:53.163476+00
51000240,,武藤 俊太朗,Shuntaro Buto,日本,日本人選手,695,60,2026-03-03 08:46:17.378534+00,2026-03-03 08:46:17.378534+00
51000221,,金本 一真,Kazuma Kanemoto,日本,日本人選手,698,51,2026-03-05 23:41:53.163476+00,2026-03-05 23:41:53.163476+00
51000251,,米山 ジャバ 偉生,Eo Java Yoneyama,日本,日本人選手,704,44,2026-03-05 13:29:27.395803+00,2026-03-05 13:29:27.395803+00
5100000087,,トビン マーカス海舟,Marcus Kaishu Tobin,日本,日本人選手,699,22,2026-03-03 07:36:27.495907+00,2026-03-03 07:36:27.495907+00
32951,,小池 文哉,Fumiya Koike,日本,日本人選手,695,77,2026-03-05 23:42:09.497423+00,2026-03-05 23:42:09.497423+00
999999999,,???,???,日本,日本人選手,3013,,2026-03-05 13:32:07.128183+00,2026-03-05 13:32:07.128183+00
51000259,45849,カイ・ソット,Kai Sotto,フィリピン,外国籍選手,3013,11,2026-03-05 13:32:07.128183+00,2026-03-05 13:32:07.128183+00
5100000062,45851,キーファー・ラベナ,Kiefer Ravena,フィリピン,外国籍選手,3013,15,2026-03-05 13:32:07.128183+00,2026-03-05 13:32:07.128183+00
10885,,青木 ブレイク,Blake Aoki,日本,日本人選手,703,11,2026-03-03 08:46:17.378534+00,2026-03-03 08:46:17.378534+00
51000320,,ニモ 正義,Masayoshi Nimmo,日本,日本人選手,728,5,2026-03-05 13:29:27.395803+00,2026-03-05 13:29:27.395803+00
